-1,-1,/o9IRtnde4UG2cmA03uyeKdQ6JU=,vsGG9M5xtouRfVuL9MX6d5Rg9RU=
-2,-1,/o9IRtnde4UG2cmA03uyeKdQ6JU=,vsGG9M5xtouRfVuL9MX6d5Rg9RU=
-3,-1,/o9IRtnde4UG2cmA03uyeKdQ6JU=,vsGG9M5xtouRfVuL9MX6d5Rg9RU=
-2,-14,/o9IRtnde4UG2cmA03uyeKdQ6JU=,vsGG9M5xtouRfVuL9MX6d5Rg9RU=
-6,-1,/o9IRtnde4UG2cmA03uyeKdQ6JU=,vsGG9M5xtouRfVuL9MX6d5Rg9RU=
-4,-1,/o9IRtnde4UG2cmA03uyeKdQ6JU=,vsGG9M5xtouRfVuL9MX6d5Rg9RU=
-7,-1,/o9IRtnde4UG2cmA03uyeKdQ6JU=,vsGG9M5xtouRfVuL9MX6d5Rg9RU=
-5,-1,/o9IRtnde4UG2cmA03uyeKdQ6JU=,vsGG9M5xtouRfVuL9MX6d5Rg9RU=
-3,-14,/o9IRtnde4UG2cmA03uyeKdQ6JU=,vsGG9M5xtouRfVuL9MX6d5Rg9RU=
-9,-1,/o9IRtnde4UG2cmA03uyeKdQ6JU=,vsGG9M5xtouRfVuL9MX6d5Rg9RU=
-8,-1,/o9IRtnde4UG2cmA03uyeKdQ6JU=,vsGG9M5xtouRfVuL9MX6d5Rg9RU=
-13,-16,/o9IRtnde4UG2cmA03uyeKdQ6JU=,vsGG9M5xtouRfVuL9MX6d5Rg9RU=
-1,-14,/o9IRtnde4UG2cmA03uyeKdQ6JU=,vsGG9M5xtouRfVuL9MX6d5Rg9RU=
-10,-1,/o9IRtnde4UG2cmA03uyeKdQ6JU=,vsGG9M5xtouRfVuL9MX6d5Rg9RU=
-13,-1,/o9IRtnde4UG2cmA03uyeKdQ6JU=,vsGG9M5xtouRfVuL9MX6d5Rg9RU=
-15,-1,/o9IRtnde4UG2cmA03uyeKdQ6JU=,vsGG9M5xtouRfVuL9MX6d5Rg9RU=
-12,-1,/o9IRtnde4UG2cmA03uyeKdQ6JU=,vsGG9M5xtouRfVuL9MX6d5Rg9RU=
-11,-1,/o9IRtnde4UG2cmA03uyeKdQ6JU=,vsGG9M5xtouRfVuL9MX6d5Rg9RU=
-14,-1,/o9IRtnde4UG2cmA03uyeKdQ6JU=,vsGG9M5xtouRfVuL9MX6d5Rg9RU=
-16,-13,/o9IRtnde4UG2cmA03uyeKdQ6JU=,vsGG9M5xtouRfVuL9MX6d5Rg9RU=
-1,-15,/o9IRtnde4UG2cmA03uyeKdQ6JU=,vsGG9M5xtouRfVuL9MX6d5Rg9RU=
-15,-15,/o9IRtnde4UG2cmA03uyeKdQ6JU=,vsGG9M5xtouRfVuL9MX6d5Rg9RU=
-1,-2,/o9IRtnde4UG2cmA03uyeKdQ6JU=,vsGG9M5xtouRfVuL9MX6d5Rg9RU=
-4,-15,/o9IRtnde4UG2cmA03uyeKdQ6JU=,vsGG9M5xtouRfVuL9MX6d5Rg9RU=
-16,-1,/o9IRtnde4UG2cmA03uyeKdQ6JU=,vsGG9M5xtouRfVuL9MX6d5Rg9RU=
-3,-15,/o9IRtnde4UG2cmA03uyeKdQ6JU=,vsGG9M5xtouRfVuL9MX6d5Rg9RU=
-8,-15,/o9IRtnde4UG2cmA03uyeKdQ6JU=,vsGG9M5xtouRfVuL9MX6d5Rg9RU=
-9,-15,/o9IRtnde4UG2cmA03uyeKdQ6JU=,vsGG9M5xtouRfVuL9MX6d5Rg9RU=
-2,-15,/o9IRtnde4UG2cmA03uyeKdQ6JU=,vsGG9M5xtouRfVuL9MX6d5Rg9RU=
-7,-15,/o9IRtnde4UG2cmA03uyeKdQ6JU=,vsGG9M5xtouRfVuL9MX6d5Rg9RU=
-5,-15,/o9IRtnde4UG2cmA03uyeKdQ6JU=,vsGG9M5xtouRfVuL9MX6d5Rg9RU=
-15,-13,/o9IRtnde4UG2cmA03uyeKdQ6JU=,vsGG9M5xtouRfVuL9MX6d5Rg9RU=
-6,-15,/o9IRtnde4UG2cmA03uyeKdQ6JU=,vsGG9M5xtouRfVuL9MX6d5Rg9RU=
-11,-15,/o9IRtnde4UG2cmA03uyeKdQ6JU=,vsGG9M5xtouRfVuL9MX6d5Rg9RU=
-10,-15,/o9IRtnde4UG2cmA03uyeKdQ6JU=,vsGG9M5xtouRfVuL9MX6d5Rg9RU=
-14,-15,/o9IRtnde4UG2cmA03uyeKdQ6JU=,vsGG9M5xtouRfVuL9MX6d5Rg9RU=
-13,-15,/o9IRtnde4UG2cmA03uyeKdQ6JU=,vsGG9M5xtouRfVuL9MX6d5Rg9RU=
-2,-2,/o9IRtnde4UG2cmA03uyeKdQ6JU=,vsGG9M5xtouRfVuL9MX6d5Rg9RU=
-14,-16,/o9IRtnde4UG2cmA03uyeKdQ6JU=,vsGG9M5xtouRfVuL9MX6d5Rg9RU=
-3,-2,/o9IRtnde4UG2cmA03uyeKdQ6JU=,vsGG9M5xtouRfVuL9MX6d5Rg9RU=
-14,-13,/o9IRtnde4UG2cmA03uyeKdQ6JU=,vsGG9M5xtouRfVuL9MX6d5Rg9RU=
-4,-2,/o9IRtnde4UG2cmA03uyeKdQ6JU=,vsGG9M5xtouRfVuL9MX6d5Rg9RU=
-4,-14,/o9IRtnde4UG2cmA03uyeKdQ6JU=,vsGG9M5xtouRfVuL9MX6d5Rg9RU=
-5,-2,/o9IRtnde4UG2cmA03uyeKdQ6JU=,vsGG9M5xtouRfVuL9MX6d5Rg9RU=
-12,-15,/o9IRtnde4UG2cmA03uyeKdQ6JU=,vsGG9M5xtouRfVuL9MX6d5Rg9RU=
-7,-2,/o9IRtnde4UG2cmA03uyeKdQ6JU=,vsGG9M5xtouRfVuL9MX6d5Rg9RU=
-6,-2,/o9IRtnde4UG2cmA03uyeKdQ6JU=,vsGG9M5xtouRfVuL9MX6d5Rg9RU=
-8,-2,/o9IRtnde4UG2cmA03uyeKdQ6JU=,vsGG9M5xtouRfVuL9MX6d5Rg9RU=
-10,-2,/o9IRtnde4UG2cmA03uyeKdQ6JU=,vsGG9M5xtouRfVuL9MX6d5Rg9RU=
-9,-2,/o9IRtnde4UG2cmA03uyeKdQ6JU=,vsGG9M5xtouRfVuL9MX6d5Rg9RU=
-12,-2,/o9IRtnde4UG2cmA03uyeKdQ6JU=,vsGG9M5xtouRfVuL9MX6d5Rg9RU=
-11,-2,/o9IRtnde4UG2cmA03uyeKdQ6JU=,vsGG9M5xtouRfVuL9MX6d5Rg9RU=
-13,-13,/o9IRtnde4UG2cmA03uyeKdQ6JU=,vsGG9M5xtouRfVuL9MX6d5Rg9RU=
-13,-2,/o9IRtnde4UG2cmA03uyeKdQ6JU=,vsGG9M5xtouRfVuL9MX6d5Rg9RU=
-1,-3,/o9IRtnde4UG2cmA03uyeKdQ6JU=,vsGG9M5xtouRfVuL9MX6d5Rg9RU=
-15,-2,/o9IRtnde4UG2cmA03uyeKdQ6JU=,vsGG9M5xtouRfVuL9MX6d5Rg9RU=
-16,-2,/o9IRtnde4UG2cmA03uyeKdQ6JU=,vsGG9M5xtouRfVuL9MX6d5Rg9RU=
-12,-13,/o9IRtnde4UG2cmA03uyeKdQ6JU=,vsGG9M5xtouRfVuL9MX6d5Rg9RU=
-2,-3,/o9IRtnde4UG2cmA03uyeKdQ6JU=,vsGG9M5xtouRfVuL9MX6d5Rg9RU=
-16,-15,/o9IRtnde4UG2cmA03uyeKdQ6JU=,vsGG9M5xtouRfVuL9MX6d5Rg9RU=
-1,-16,/o9IRtnde4UG2cmA03uyeKdQ6JU=,vsGG9M5xtouRfVuL9MX6d5Rg9RU=
-3,-3,/o9IRtnde4UG2cmA03uyeKdQ6JU=,vsGG9M5xtouRfVuL9MX6d5Rg9RU=
-16,-14,/o9IRtnde4UG2cmA03uyeKdQ6JU=,vsGG9M5xtouRfVuL9MX6d5Rg9RU=
-5,-14,/o9IRtnde4UG2cmA03uyeKdQ6JU=,vsGG9M5xtouRfVuL9MX6d5Rg9RU=
-5,-3,/o9IRtnde4UG2cmA03uyeKdQ6JU=,vsGG9M5xtouRfVuL9MX6d5Rg9RU=
-4,-3,/o9IRtnde4UG2cmA03uyeKdQ6JU=,vsGG9M5xtouRfVuL9MX6d5Rg9RU=
-7,-3,/o9IRtnde4UG2cmA03uyeKdQ6JU=,vsGG9M5xtouRfVuL9MX6d5Rg9RU=
-6,-3,/o9IRtnde4UG2cmA03uyeKdQ6JU=,vsGG9M5xtouRfVuL9MX6d5Rg9RU=
-8,-3,/o9IRtnde4UG2cmA03uyeKdQ6JU=,vsGG9M5xtouRfVuL9MX6d5Rg9RU=
-10,-3,/o9IRtnde4UG2cmA03uyeKdQ6JU=,vsGG9M5xtouRfVuL9MX6d5Rg9RU=
-9,-3,/o9IRtnde4UG2cmA03uyeKdQ6JU=,vsGG9M5xtouRfVuL9MX6d5Rg9RU=
-12,-16,/o9IRtnde4UG2cmA03uyeKdQ6JU=,vsGG9M5xtouRfVuL9MX6d5Rg9RU=
-11,-3,/o9IRtnde4UG2cmA03uyeKdQ6JU=,vsGG9M5xtouRfVuL9MX6d5Rg9RU=
-11,-13,/o9IRtnde4UG2cmA03uyeKdQ6JU=,vsGG9M5xtouRfVuL9MX6d5Rg9RU=
-14,-3,/o9IRtnde4UG2cmA03uyeKdQ6JU=,vsGG9M5xtouRfVuL9MX6d5Rg9RU=
-12,-3,/o9IRtnde4UG2cmA03uyeKdQ6JU=,vsGG9M5xtouRfVuL9MX6d5Rg9RU=
-15,-3,/o9IRtnde4UG2cmA03uyeKdQ6JU=,vsGG9M5xtouRfVuL9MX6d5Rg9RU=
-13,-3,/o9IRtnde4UG2cmA03uyeKdQ6JU=,vsGG9M5xtouRfVuL9MX6d5Rg9RU=
-10,-13,/o9IRtnde4UG2cmA03uyeKdQ6JU=,vsGG9M5xtouRfVuL9MX6d5Rg9RU=
-2,-4,/o9IRtnde4UG2cmA03uyeKdQ6JU=,vsGG9M5xtouRfVuL9MX6d5Rg9RU=
-1,-4,/o9IRtnde4UG2cmA03uyeKdQ6JU=,vsGG9M5xtouRfVuL9MX6d5Rg9RU=
-9,-13,/o9IRtnde4UG2cmA03uyeKdQ6JU=,vsGG9M5xtouRfVuL9MX6d5Rg9RU=
-4,-4,/o9IRtnde4UG2cmA03uyeKdQ6JU=,vsGG9M5xtouRfVuL9MX6d5Rg9RU=
-16,-3,/o9IRtnde4UG2cmA03uyeKdQ6JU=,vsGG9M5xtouRfVuL9MX6d5Rg9RU=
-14,-2,/o9IRtnde4UG2cmA03uyeKdQ6JU=,vsGG9M5xtouRfVuL9MX6d5Rg9RU=
-8,-13,/o9IRtnde4UG2cmA03uyeKdQ6JU=,vsGG9M5xtouRfVuL9MX6d5Rg9RU=
-2,-16,/o9IRtnde4UG2cmA03uyeKdQ6JU=,vsGG9M5xtouRfVuL9MX6d5Rg9RU=
-6,-14,/o9IRtnde4UG2cmA03uyeKdQ6JU=,vsGG9M5xtouRfVuL9MX6d5Rg9RU=
-3,-4,/o9IRtnde4UG2cmA03uyeKdQ6JU=,vsGG9M5xtouRfVuL9MX6d5Rg9RU=
-5,-4,/o9IRtnde4UG2cmA03uyeKdQ6JU=,vsGG9M5xtouRfVuL9MX6d5Rg9RU=
-8,-4,/o9IRtnde4UG2cmA03uyeKdQ6JU=,vsGG9M5xtouRfVuL9MX6d5Rg9RU=
-6,-4,/o9IRtnde4UG2cmA03uyeKdQ6JU=,vsGG9M5xtouRfVuL9MX6d5Rg9RU=
-9,-4,/o9IRtnde4UG2cmA03uyeKdQ6JU=,vsGG9M5xtouRfVuL9MX6d5Rg9RU=
-7,-13,/o9IRtnde4UG2cmA03uyeKdQ6JU=,vsGG9M5xtouRfVuL9MX6d5Rg9RU=
-11,-4,/o9IRtnde4UG2cmA03uyeKdQ6JU=,vsGG9M5xtouRfVuL9MX6d5Rg9RU=
-14,-4,/o9IRtnde4UG2cmA03uyeKdQ6JU=,vsGG9M5xtouRfVuL9MX6d5Rg9RU=
-10,-4,/o9IRtnde4UG2cmA03uyeKdQ6JU=,vsGG9M5xtouRfVuL9MX6d5Rg9RU=
-6,-13,/o9IRtnde4UG2cmA03uyeKdQ6JU=,vsGG9M5xtouRfVuL9MX6d5Rg9RU=
-16,-4,/o9IRtnde4UG2cmA03uyeKdQ6JU=,vsGG9M5xtouRfVuL9MX6d5Rg9RU=
-13,-4,/o9IRtnde4UG2cmA03uyeKdQ6JU=,vsGG9M5xtouRfVuL9MX6d5Rg9RU=
-15,-4,/o9IRtnde4UG2cmA03uyeKdQ6JU=,vsGG9M5xtouRfVuL9MX6d5Rg9RU=
-12,-4,/o9IRtnde4UG2cmA03uyeKdQ6JU=,vsGG9M5xtouRfVuL9MX6d5Rg9RU=
-7,-4,/o9IRtnde4UG2cmA03uyeKdQ6JU=,vsGG9M5xtouRfVuL9MX6d5Rg9RU=
-3,-5,/o9IRtnde4UG2cmA03uyeKdQ6JU=,vsGG9M5xtouRfVuL9MX6d5Rg9RU=
-1,-5,/o9IRtnde4UG2cmA03uyeKdQ6JU=,vsGG9M5xtouRfVuL9MX6d5Rg9RU=
-15,-16,/o9IRtnde4UG2cmA03uyeKdQ6JU=,vsGG9M5xtouRfVuL9MX6d5Rg9RU=
-2,-5,/o9IRtnde4UG2cmA03uyeKdQ6JU=,vsGG9M5xtouRfVuL9MX6d5Rg9RU=
-5,-5,/o9IRtnde4UG2cmA03uyeKdQ6JU=,vsGG9M5xtouRfVuL9MX6d5Rg9RU=
-4,-5,/o9IRtnde4UG2cmA03uyeKdQ6JU=,vsGG9M5xtouRfVuL9MX6d5Rg9RU=
-5,-13,/o9IRtnde4UG2cmA03uyeKdQ6JU=,vsGG9M5xtouRfVuL9MX6d5Rg9RU=
-9,-5,/o9IRtnde4UG2cmA03uyeKdQ6JU=,vsGG9M5xtouRfVuL9MX6d5Rg9RU=
-8,-5,/o9IRtnde4UG2cmA03uyeKdQ6JU=,vsGG9M5xtouRfVuL9MX6d5Rg9RU=
-6,-5,/o9IRtnde4UG2cmA03uyeKdQ6JU=,vsGG9M5xtouRfVuL9MX6d5Rg9RU=
-7,-14,/o9IRtnde4UG2cmA03uyeKdQ6JU=,vsGG9M5xtouRfVuL9MX6d5Rg9RU=
-3,-16,/o9IRtnde4UG2cmA03uyeKdQ6JU=,vsGG9M5xtouRfVuL9MX6d5Rg9RU=
-4,-13,/o9IRtnde4UG2cmA03uyeKdQ6JU=,vsGG9M5xtouRfVuL9MX6d5Rg9RU=
-7,-5,/o9IRtnde4UG2cmA03uyeKdQ6JU=,vsGG9M5xtouRfVuL9MX6d5Rg9RU=
-10,-5,/o9IRtnde4UG2cmA03uyeKdQ6JU=,vsGG9M5xtouRfVuL9MX6d5Rg9RU=
-11,-5,/o9IRtnde4UG2cmA03uyeKdQ6JU=,vsGG9M5xtouRfVuL9MX6d5Rg9RU=
-16,-5,/o9IRtnde4UG2cmA03uyeKdQ6JU=,vsGG9M5xtouRfVuL9MX6d5Rg9RU=
-14,-5,/o9IRtnde4UG2cmA03uyeKdQ6JU=,vsGG9M5xtouRfVuL9MX6d5Rg9RU=
-12,-5,/o9IRtnde4UG2cmA03uyeKdQ6JU=,vsGG9M5xtouRfVuL9MX6d5Rg9RU=
-3,-13,/o9IRtnde4UG2cmA03uyeKdQ6JU=,vsGG9M5xtouRfVuL9MX6d5Rg9RU=
-15,-5,/o9IRtnde4UG2cmA03uyeKdQ6JU=,vsGG9M5xtouRfVuL9MX6d5Rg9RU=
-13,-5,/o9IRtnde4UG2cmA03uyeKdQ6JU=,vsGG9M5xtouRfVuL9MX6d5Rg9RU=
-1,-6,/o9IRtnde4UG2cmA03uyeKdQ6JU=,vsGG9M5xtouRfVuL9MX6d5Rg9RU=
-4,-6,/o9IRtnde4UG2cmA03uyeKdQ6JU=,vsGG9M5xtouRfVuL9MX6d5Rg9RU=
-2,-13,/o9IRtnde4UG2cmA03uyeKdQ6JU=,vsGG9M5xtouRfVuL9MX6d5Rg9RU=
-2,-6,/o9IRtnde4UG2cmA03uyeKdQ6JU=,vsGG9M5xtouRfVuL9MX6d5Rg9RU=
-6,-6,/o9IRtnde4UG2cmA03uyeKdQ6JU=,vsGG9M5xtouRfVuL9MX6d5Rg9RU=
-3,-6,/o9IRtnde4UG2cmA03uyeKdQ6JU=,vsGG9M5xtouRfVuL9MX6d5Rg9RU=
-5,-6,/o9IRtnde4UG2cmA03uyeKdQ6JU=,vsGG9M5xtouRfVuL9MX6d5Rg9RU=
-8,-14,/o9IRtnde4UG2cmA03uyeKdQ6JU=,vsGG9M5xtouRfVuL9MX6d5Rg9RU=
-4,-16,/o9IRtnde4UG2cmA03uyeKdQ6JU=,vsGG9M5xtouRfVuL9MX6d5Rg9RU=
-7,-6,/o9IRtnde4UG2cmA03uyeKdQ6JU=,vsGG9M5xtouRfVuL9MX6d5Rg9RU=
-9,-6,/o9IRtnde4UG2cmA03uyeKdQ6JU=,vsGG9M5xtouRfVuL9MX6d5Rg9RU=
-1,-13,/o9IRtnde4UG2cmA03uyeKdQ6JU=,vsGG9M5xtouRfVuL9MX6d5Rg9RU=
-11,-6,/o9IRtnde4UG2cmA03uyeKdQ6JU=,vsGG9M5xtouRfVuL9MX6d5Rg9RU=
-10,-6,/o9IRtnde4UG2cmA03uyeKdQ6JU=,vsGG9M5xtouRfVuL9MX6d5Rg9RU=
-16,-6,/o9IRtnde4UG2cmA03uyeKdQ6JU=,vsGG9M5xtouRfVuL9MX6d5Rg9RU=
-8,-6,/o9IRtnde4UG2cmA03uyeKdQ6JU=,vsGG9M5xtouRfVuL9MX6d5Rg9RU=
-15,-6,/o9IRtnde4UG2cmA03uyeKdQ6JU=,vsGG9M5xtouRfVuL9MX6d5Rg9RU=
-12,-6,/o9IRtnde4UG2cmA03uyeKdQ6JU=,vsGG9M5xtouRfVuL9MX6d5Rg9RU=
-14,-6,/o9IRtnde4UG2cmA03uyeKdQ6JU=,vsGG9M5xtouRfVuL9MX6d5Rg9RU=
-13,-6,/o9IRtnde4UG2cmA03uyeKdQ6JU=,vsGG9M5xtouRfVuL9MX6d5Rg9RU=
-15,-14,/o9IRtnde4UG2cmA03uyeKdQ6JU=,vsGG9M5xtouRfVuL9MX6d5Rg9RU=
-3,-7,/o9IRtnde4UG2cmA03uyeKdQ6JU=,vsGG9M5xtouRfVuL9MX6d5Rg9RU=
-1,-7,/o9IRtnde4UG2cmA03uyeKdQ6JU=,vsGG9M5xtouRfVuL9MX6d5Rg9RU=
-2,-7,/o9IRtnde4UG2cmA03uyeKdQ6JU=,vsGG9M5xtouRfVuL9MX6d5Rg9RU=
-4,-7,/o9IRtnde4UG2cmA03uyeKdQ6JU=,vsGG9M5xtouRfVuL9MX6d5Rg9RU=
-5,-7,/o9IRtnde4UG2cmA03uyeKdQ6JU=,vsGG9M5xtouRfVuL9MX6d5Rg9RU=
-6,-7,/o9IRtnde4UG2cmA03uyeKdQ6JU=,vsGG9M5xtouRfVuL9MX6d5Rg9RU=
-7,-7,/o9IRtnde4UG2cmA03uyeKdQ6JU=,vsGG9M5xtouRfVuL9MX6d5Rg9RU=
-5,-16,/o9IRtnde4UG2cmA03uyeKdQ6JU=,vsGG9M5xtouRfVuL9MX6d5Rg9RU=
-16,-12,/o9IRtnde4UG2cmA03uyeKdQ6JU=,vsGG9M5xtouRfVuL9MX6d5Rg9RU=
-9,-14,/o9IRtnde4UG2cmA03uyeKdQ6JU=,vsGG9M5xtouRfVuL9MX6d5Rg9RU=
-8,-7,/o9IRtnde4UG2cmA03uyeKdQ6JU=,vsGG9M5xtouRfVuL9MX6d5Rg9RU=
-9,-7,/o9IRtnde4UG2cmA03uyeKdQ6JU=,vsGG9M5xtouRfVuL9MX6d5Rg9RU=
-11,-7,/o9IRtnde4UG2cmA03uyeKdQ6JU=,vsGG9M5xtouRfVuL9MX6d5Rg9RU=
-12,-7,/o9IRtnde4UG2cmA03uyeKdQ6JU=,vsGG9M5xtouRfVuL9MX6d5Rg9RU=
-10,-7,/o9IRtnde4UG2cmA03uyeKdQ6JU=,vsGG9M5xtouRfVuL9MX6d5Rg9RU=
-15,-12,/o9IRtnde4UG2cmA03uyeKdQ6JU=,vsGG9M5xtouRfVuL9MX6d5Rg9RU=
-13,-7,/o9IRtnde4UG2cmA03uyeKdQ6JU=,vsGG9M5xtouRfVuL9MX6d5Rg9RU=
-14,-7,/o9IRtnde4UG2cmA03uyeKdQ6JU=,vsGG9M5xtouRfVuL9MX6d5Rg9RU=
-16,-7,/o9IRtnde4UG2cmA03uyeKdQ6JU=,vsGG9M5xtouRfVuL9MX6d5Rg9RU=
-14,-12,/o9IRtnde4UG2cmA03uyeKdQ6JU=,vsGG9M5xtouRfVuL9MX6d5Rg9RU=
-1,-8,/o9IRtnde4UG2cmA03uyeKdQ6JU=,vsGG9M5xtouRfVuL9MX6d5Rg9RU=
-2,-8,/o9IRtnde4UG2cmA03uyeKdQ6JU=,vsGG9M5xtouRfVuL9MX6d5Rg9RU=
-6,-8,/o9IRtnde4UG2cmA03uyeKdQ6JU=,vsGG9M5xtouRfVuL9MX6d5Rg9RU=
-7,-8,/o9IRtnde4UG2cmA03uyeKdQ6JU=,vsGG9M5xtouRfVuL9MX6d5Rg9RU=
-4,-8,/o9IRtnde4UG2cmA03uyeKdQ6JU=,vsGG9M5xtouRfVuL9MX6d5Rg9RU=
-8,-8,/o9IRtnde4UG2cmA03uyeKdQ6JU=,vsGG9M5xtouRfVuL9MX6d5Rg9RU=
-5,-8,/o9IRtnde4UG2cmA03uyeKdQ6JU=,vsGG9M5xtouRfVuL9MX6d5Rg9RU=
-10,-14,/o9IRtnde4UG2cmA03uyeKdQ6JU=,vsGG9M5xtouRfVuL9MX6d5Rg9RU=
-6,-16,/o9IRtnde4UG2cmA03uyeKdQ6JU=,vsGG9M5xtouRfVuL9MX6d5Rg9RU=
-15,-7,/o9IRtnde4UG2cmA03uyeKdQ6JU=,vsGG9M5xtouRfVuL9MX6d5Rg9RU=
-12,-8,/o9IRtnde4UG2cmA03uyeKdQ6JU=,vsGG9M5xtouRfVuL9MX6d5Rg9RU=
-16,-16,/o9IRtnde4UG2cmA03uyeKdQ6JU=,vsGG9M5xtouRfVuL9MX6d5Rg9RU=
-9,-8,/o9IRtnde4UG2cmA03uyeKdQ6JU=,vsGG9M5xtouRfVuL9MX6d5Rg9RU=
-10,-8,/o9IRtnde4UG2cmA03uyeKdQ6JU=,vsGG9M5xtouRfVuL9MX6d5Rg9RU=
-11,-8,/o9IRtnde4UG2cmA03uyeKdQ6JU=,vsGG9M5xtouRfVuL9MX6d5Rg9RU=
-13,-8,/o9IRtnde4UG2cmA03uyeKdQ6JU=,vsGG9M5xtouRfVuL9MX6d5Rg9RU=
-14,-8,/o9IRtnde4UG2cmA03uyeKdQ6JU=,vsGG9M5xtouRfVuL9MX6d5Rg9RU=
-16,-8,/o9IRtnde4UG2cmA03uyeKdQ6JU=,vsGG9M5xtouRfVuL9MX6d5Rg9RU=
-15,-8,/o9IRtnde4UG2cmA03uyeKdQ6JU=,vsGG9M5xtouRfVuL9MX6d5Rg9RU=
-2,-9,/o9IRtnde4UG2cmA03uyeKdQ6JU=,vsGG9M5xtouRfVuL9MX6d5Rg9RU=
-3,-9,/o9IRtnde4UG2cmA03uyeKdQ6JU=,vsGG9M5xtouRfVuL9MX6d5Rg9RU=
-1,-9,/o9IRtnde4UG2cmA03uyeKdQ6JU=,vsGG9M5xtouRfVuL9MX6d5Rg9RU=
-13,-12,/o9IRtnde4UG2cmA03uyeKdQ6JU=,vsGG9M5xtouRfVuL9MX6d5Rg9RU=
-5,-9,/o9IRtnde4UG2cmA03uyeKdQ6JU=,vsGG9M5xtouRfVuL9MX6d5Rg9RU=
-8,-9,/o9IRtnde4UG2cmA03uyeKdQ6JU=,vsGG9M5xtouRfVuL9MX6d5Rg9RU=
-14,-14,/o9IRtnde4UG2cmA03uyeKdQ6JU=,vsGG9M5xtouRfVuL9MX6d5Rg9RU=
-6,-9,/o9IRtnde4UG2cmA03uyeKdQ6JU=,vsGG9M5xtouRfVuL9MX6d5Rg9RU=
-3,-8,/o9IRtnde4UG2cmA03uyeKdQ6JU=,vsGG9M5xtouRfVuL9MX6d5Rg9RU=
-4,-9,/o9IRtnde4UG2cmA03uyeKdQ6JU=,vsGG9M5xtouRfVuL9MX6d5Rg9RU=
-7,-16,/o9IRtnde4UG2cmA03uyeKdQ6JU=,vsGG9M5xtouRfVuL9MX6d5Rg9RU=
-11,-14,/o9IRtnde4UG2cmA03uyeKdQ6JU=,vsGG9M5xtouRfVuL9MX6d5Rg9RU=
-11,-9,/o9IRtnde4UG2cmA03uyeKdQ6JU=,vsGG9M5xtouRfVuL9MX6d5Rg9RU=
-9,-9,/o9IRtnde4UG2cmA03uyeKdQ6JU=,vsGG9M5xtouRfVuL9MX6d5Rg9RU=
-12,-9,/o9IRtnde4UG2cmA03uyeKdQ6JU=,vsGG9M5xtouRfVuL9MX6d5Rg9RU=
-12,-12,/o9IRtnde4UG2cmA03uyeKdQ6JU=,vsGG9M5xtouRfVuL9MX6d5Rg9RU=
-10,-9,/o9IRtnde4UG2cmA03uyeKdQ6JU=,vsGG9M5xtouRfVuL9MX6d5Rg9RU=
-15,-9,/o9IRtnde4UG2cmA03uyeKdQ6JU=,vsGG9M5xtouRfVuL9MX6d5Rg9RU=
-14,-9,/o9IRtnde4UG2cmA03uyeKdQ6JU=,vsGG9M5xtouRfVuL9MX6d5Rg9RU=
-16,-9,/o9IRtnde4UG2cmA03uyeKdQ6JU=,vsGG9M5xtouRfVuL9MX6d5Rg9RU=
-11,-16,/o9IRtnde4UG2cmA03uyeKdQ6JU=,vsGG9M5xtouRfVuL9MX6d5Rg9RU=
-7,-9,/o9IRtnde4UG2cmA03uyeKdQ6JU=,vsGG9M5xtouRfVuL9MX6d5Rg9RU=
-11,-12,/o9IRtnde4UG2cmA03uyeKdQ6JU=,vsGG9M5xtouRfVuL9MX6d5Rg9RU=
-1,-10,/o9IRtnde4UG2cmA03uyeKdQ6JU=,vsGG9M5xtouRfVuL9MX6d5Rg9RU=
-3,-10,/o9IRtnde4UG2cmA03uyeKdQ6JU=,vsGG9M5xtouRfVuL9MX6d5Rg9RU=
-4,-10,/o9IRtnde4UG2cmA03uyeKdQ6JU=,vsGG9M5xtouRfVuL9MX6d5Rg9RU=
-6,-10,/o9IRtnde4UG2cmA03uyeKdQ6JU=,vsGG9M5xtouRfVuL9MX6d5Rg9RU=
-7,-10,/o9IRtnde4UG2cmA03uyeKdQ6JU=,vsGG9M5xtouRfVuL9MX6d5Rg9RU=
-5,-10,/o9IRtnde4UG2cmA03uyeKdQ6JU=,vsGG9M5xtouRfVuL9MX6d5Rg9RU=
-10,-12,/o9IRtnde4UG2cmA03uyeKdQ6JU=,vsGG9M5xtouRfVuL9MX6d5Rg9RU=
-8,-10,/o9IRtnde4UG2cmA03uyeKdQ6JU=,vsGG9M5xtouRfVuL9MX6d5Rg9RU=
-9,-10,/o9IRtnde4UG2cmA03uyeKdQ6JU=,vsGG9M5xtouRfVuL9MX6d5Rg9RU=
-12,-14,/o9IRtnde4UG2cmA03uyeKdQ6JU=,vsGG9M5xtouRfVuL9MX6d5Rg9RU=
-12,-10,/o9IRtnde4UG2cmA03uyeKdQ6JU=,vsGG9M5xtouRfVuL9MX6d5Rg9RU=
-11,-10,/o9IRtnde4UG2cmA03uyeKdQ6JU=,vsGG9M5xtouRfVuL9MX6d5Rg9RU=
-8,-16,/o9IRtnde4UG2cmA03uyeKdQ6JU=,vsGG9M5xtouRfVuL9MX6d5Rg9RU=
-13,-10,/o9IRtnde4UG2cmA03uyeKdQ6JU=,vsGG9M5xtouRfVuL9MX6d5Rg9RU=
-15,-10,/o9IRtnde4UG2cmA03uyeKdQ6JU=,vsGG9M5xtouRfVuL9MX6d5Rg9RU=
-9,-12,/o9IRtnde4UG2cmA03uyeKdQ6JU=,vsGG9M5xtouRfVuL9MX6d5Rg9RU=
-2,-10,/o9IRtnde4UG2cmA03uyeKdQ6JU=,vsGG9M5xtouRfVuL9MX6d5Rg9RU=
-14,-10,/o9IRtnde4UG2cmA03uyeKdQ6JU=,vsGG9M5xtouRfVuL9MX6d5Rg9RU=
-8,-12,/o9IRtnde4UG2cmA03uyeKdQ6JU=,vsGG9M5xtouRfVuL9MX6d5Rg9RU=
-2,-11,/o9IRtnde4UG2cmA03uyeKdQ6JU=,vsGG9M5xtouRfVuL9MX6d5Rg9RU=
-16,-10,/o9IRtnde4UG2cmA03uyeKdQ6JU=,vsGG9M5xtouRfVuL9MX6d5Rg9RU=
-1,-11,/o9IRtnde4UG2cmA03uyeKdQ6JU=,vsGG9M5xtouRfVuL9MX6d5Rg9RU=
-3,-11,/o9IRtnde4UG2cmA03uyeKdQ6JU=,vsGG9M5xtouRfVuL9MX6d5Rg9RU=
-7,-12,/o9IRtnde4UG2cmA03uyeKdQ6JU=,vsGG9M5xtouRfVuL9MX6d5Rg9RU=
-6,-11,/o9IRtnde4UG2cmA03uyeKdQ6JU=,vsGG9M5xtouRfVuL9MX6d5Rg9RU=
-4,-11,/o9IRtnde4UG2cmA03uyeKdQ6JU=,vsGG9M5xtouRfVuL9MX6d5Rg9RU=
-7,-11,/o9IRtnde4UG2cmA03uyeKdQ6JU=,vsGG9M5xtouRfVuL9MX6d5Rg9RU=
-5,-11,/o9IRtnde4UG2cmA03uyeKdQ6JU=,vsGG9M5xtouRfVuL9MX6d5Rg9RU=
-8,-11,/o9IRtnde4UG2cmA03uyeKdQ6JU=,vsGG9M5xtouRfVuL9MX6d5Rg9RU=
-10,-11,/o9IRtnde4UG2cmA03uyeKdQ6JU=,vsGG9M5xtouRfVuL9MX6d5Rg9RU=
-13,-9,/o9IRtnde4UG2cmA03uyeKdQ6JU=,vsGG9M5xtouRfVuL9MX6d5Rg9RU=
-6,-12,/o9IRtnde4UG2cmA03uyeKdQ6JU=,vsGG9M5xtouRfVuL9MX6d5Rg9RU=
-9,-11,/o9IRtnde4UG2cmA03uyeKdQ6JU=,vsGG9M5xtouRfVuL9MX6d5Rg9RU=
-11,-11,/o9IRtnde4UG2cmA03uyeKdQ6JU=,vsGG9M5xtouRfVuL9MX6d5Rg9RU=
-12,-11,/o9IRtnde4UG2cmA03uyeKdQ6JU=,vsGG9M5xtouRfVuL9MX6d5Rg9RU=
-5,-12,/o9IRtnde4UG2cmA03uyeKdQ6JU=,vsGG9M5xtouRfVuL9MX6d5Rg9RU=
-13,-11,/o9IRtnde4UG2cmA03uyeKdQ6JU=,vsGG9M5xtouRfVuL9MX6d5Rg9RU=
-13,-14,/o9IRtnde4UG2cmA03uyeKdQ6JU=,vsGG9M5xtouRfVuL9MX6d5Rg9RU=
-14,-11,/o9IRtnde4UG2cmA03uyeKdQ6JU=,vsGG9M5xtouRfVuL9MX6d5Rg9RU=
-15,-11,/o9IRtnde4UG2cmA03uyeKdQ6JU=,vsGG9M5xtouRfVuL9MX6d5Rg9RU=
-4,-12,/o9IRtnde4UG2cmA03uyeKdQ6JU=,vsGG9M5xtouRfVuL9MX6d5Rg9RU=
-2,-12,/o9IRtnde4UG2cmA03uyeKdQ6JU=,vsGG9M5xtouRfVuL9MX6d5Rg9RU=
-16,-11,/o9IRtnde4UG2cmA03uyeKdQ6JU=,vsGG9M5xtouRfVuL9MX6d5Rg9RU=
-10,-16,/o9IRtnde4UG2cmA03uyeKdQ6JU=,vsGG9M5xtouRfVuL9MX6d5Rg9RU=
-1,-12,/o9IRtnde4UG2cmA03uyeKdQ6JU=,vsGG9M5xtouRfVuL9MX6d5Rg9RU=
-9,-16,/o9IRtnde4UG2cmA03uyeKdQ6JU=,vsGG9M5xtouRfVuL9MX6d5Rg9RU=
-3,-12,/o9IRtnde4UG2cmA03uyeKdQ6JU=,vsGG9M5xtouRfVuL9MX6d5Rg9RU=
-10,-10,/o9IRtnde4UG2cmA03uyeKdQ6JU=,vsGG9M5xtouRfVuL9MX6d5Rg9RU=
-5,-17,ufEGssEMYgddh0j4I3vr4AXwoh8=,dDfXHOzrTvxmSoNlj65MugM/X5w=
-6,-17,ufEGssEMYgddh0j4I3vr4AXwoh8=,dDfXHOzrTvxmSoNlj65MugM/X5w=
-1,-17,ufEGssEMYgddh0j4I3vr4AXwoh8=,dDfXHOzrTvxmSoNlj65MugM/X5w=
-2,-30,ufEGssEMYgddh0j4I3vr4AXwoh8=,dDfXHOzrTvxmSoNlj65MugM/X5w=
-4,-17,ufEGssEMYgddh0j4I3vr4AXwoh8=,dDfXHOzrTvxmSoNlj65MugM/X5w=
-13,-32,ufEGssEMYgddh0j4I3vr4AXwoh8=,dDfXHOzrTvxmSoNlj65MugM/X5w=
-2,-17,ufEGssEMYgddh0j4I3vr4AXwoh8=,dDfXHOzrTvxmSoNlj65MugM/X5w=
-7,-17,ufEGssEMYgddh0j4I3vr4AXwoh8=,dDfXHOzrTvxmSoNlj65MugM/X5w=
-8,-17,ufEGssEMYgddh0j4I3vr4AXwoh8=,dDfXHOzrTvxmSoNlj65MugM/X5w=
-10,-17,ufEGssEMYgddh0j4I3vr4AXwoh8=,dDfXHOzrTvxmSoNlj65MugM/X5w=
-1,-30,ufEGssEMYgddh0j4I3vr4AXwoh8=,dDfXHOzrTvxmSoNlj65MugM/X5w=
-11,-17,ufEGssEMYgddh0j4I3vr4AXwoh8=,dDfXHOzrTvxmSoNlj65MugM/X5w=
-3,-30,ufEGssEMYgddh0j4I3vr4AXwoh8=,dDfXHOzrTvxmSoNlj65MugM/X5w=
-12,-17,ufEGssEMYgddh0j4I3vr4AXwoh8=,dDfXHOzrTvxmSoNlj65MugM/X5w=
-9,-17,ufEGssEMYgddh0j4I3vr4AXwoh8=,dDfXHOzrTvxmSoNlj65MugM/X5w=
-16,-29,ufEGssEMYgddh0j4I3vr4AXwoh8=,dDfXHOzrTvxmSoNlj65MugM/X5w=
-13,-17,ufEGssEMYgddh0j4I3vr4AXwoh8=,dDfXHOzrTvxmSoNlj65MugM/X5w=
-14,-17,ufEGssEMYgddh0j4I3vr4AXwoh8=,dDfXHOzrTvxmSoNlj65MugM/X5w=
-3,-17,ufEGssEMYgddh0j4I3vr4AXwoh8=,dDfXHOzrTvxmSoNlj65MugM/X5w=
-1,-31,ufEGssEMYgddh0j4I3vr4AXwoh8=,dDfXHOzrTvxmSoNlj65MugM/X5w=
-15,-17,ufEGssEMYgddh0j4I3vr4AXwoh8=,dDfXHOzrTvxmSoNlj65MugM/X5w=
-15,-29,ufEGssEMYgddh0j4I3vr4AXwoh8=,dDfXHOzrTvxmSoNlj65MugM/X5w=
-4,-31,ufEGssEMYgddh0j4I3vr4AXwoh8=,dDfXHOzrTvxmSoNlj65MugM/X5w=
-3,-31,ufEGssEMYgddh0j4I3vr4AXwoh8=,dDfXHOzrTvxmSoNlj65MugM/X5w=
-2,-31,ufEGssEMYgddh0j4I3vr4AXwoh8=,dDfXHOzrTvxmSoNlj65MugM/X5w=
-16,-17,ufEGssEMYgddh0j4I3vr4AXwoh8=,dDfXHOzrTvxmSoNlj65MugM/X5w=
-6,-31,ufEGssEMYgddh0j4I3vr4AXwoh8=,dDfXHOzrTvxmSoNlj65MugM/X5w=
-7,-31,ufEGssEMYgddh0j4I3vr4AXwoh8=,dDfXHOzrTvxmSoNlj65MugM/X5w=
-5,-31,ufEGssEMYgddh0j4I3vr4AXwoh8=,dDfXHOzrTvxmSoNlj65MugM/X5w=
-11,-31,ufEGssEMYgddh0j4I3vr4AXwoh8=,dDfXHOzrTvxmSoNlj65MugM/X5w=
-1,-18,ufEGssEMYgddh0j4I3vr4AXwoh8=,dDfXHOzrTvxmSoNlj65MugM/X5w=
-10,-31,ufEGssEMYgddh0j4I3vr4AXwoh8=,dDfXHOzrTvxmSoNlj65MugM/X5w=
-14,-29,ufEGssEMYgddh0j4I3vr4AXwoh8=,dDfXHOzrTvxmSoNlj65MugM/X5w=
-13,-31,ufEGssEMYgddh0j4I3vr4AXwoh8=,dDfXHOzrTvxmSoNlj65MugM/X5w=
-8,-31,ufEGssEMYgddh0j4I3vr4AXwoh8=,dDfXHOzrTvxmSoNlj65MugM/X5w=
-12,-31,ufEGssEMYgddh0j4I3vr4AXwoh8=,dDfXHOzrTvxmSoNlj65MugM/X5w=
-2,-18,ufEGssEMYgddh0j4I3vr4AXwoh8=,dDfXHOzrTvxmSoNlj65MugM/X5w=
-15,-31,ufEGssEMYgddh0j4I3vr4AXwoh8=,dDfXHOzrTvxmSoNlj65MugM/X5w=
-14,-31,ufEGssEMYgddh0j4I3vr4AXwoh8=,dDfXHOzrTvxmSoNlj65MugM/X5w=
-16,-30,ufEGssEMYgddh0j4I3vr4AXwoh8=,dDfXHOzrTvxmSoNlj65MugM/X5w=
-14,-32,ufEGssEMYgddh0j4I3vr4AXwoh8=,dDfXHOzrTvxmSoNlj65MugM/X5w=
-4,-30,ufEGssEMYgddh0j4I3vr4AXwoh8=,dDfXHOzrTvxmSoNlj65MugM/X5w=
-9,-31,ufEGssEMYgddh0j4I3vr4AXwoh8=,dDfXHOzrTvxmSoNlj65MugM/X5w=
-3,-18,ufEGssEMYgddh0j4I3vr4AXwoh8=,dDfXHOzrTvxmSoNlj65MugM/X5w=
-6,-18,ufEGssEMYgddh0j4I3vr4AXwoh8=,dDfXHOzrTvxmSoNlj65MugM/X5w=
-4,-18,ufEGssEMYgddh0j4I3vr4AXwoh8=,dDfXHOzrTvxmSoNlj65MugM/X5w=
-12,-32,ufEGssEMYgddh0j4I3vr4AXwoh8=,dDfXHOzrTvxmSoNlj65MugM/X5w=
-8,-18,ufEGssEMYgddh0j4I3vr4AXwoh8=,dDfXHOzrTvxmSoNlj65MugM/X5w=
-13,-29,ufEGssEMYgddh0j4I3vr4AXwoh8=,dDfXHOzrTvxmSoNlj65MugM/X5w=
-9,-18,ufEGssEMYgddh0j4I3vr4AXwoh8=,dDfXHOzrTvxmSoNlj65MugM/X5w=
-11,-18,ufEGssEMYgddh0j4I3vr4AXwoh8=,dDfXHOzrTvxmSoNlj65MugM/X5w=
-10,-18,ufEGssEMYgddh0j4I3vr4AXwoh8=,dDfXHOzrTvxmSoNlj65MugM/X5w=
-7,-18,ufEGssEMYgddh0j4I3vr4AXwoh8=,dDfXHOzrTvxmSoNlj65MugM/X5w=
-13,-18,ufEGssEMYgddh0j4I3vr4AXwoh8=,dDfXHOzrTvxmSoNlj65MugM/X5w=
-14,-18,ufEGssEMYgddh0j4I3vr4AXwoh8=,dDfXHOzrTvxmSoNlj65MugM/X5w=
-12,-29,ufEGssEMYgddh0j4I3vr4AXwoh8=,dDfXHOzrTvxmSoNlj65MugM/X5w=
-11,-29,ufEGssEMYgddh0j4I3vr4AXwoh8=,dDfXHOzrTvxmSoNlj65MugM/X5w=
-1,-19,ufEGssEMYgddh0j4I3vr4AXwoh8=,dDfXHOzrTvxmSoNlj65MugM/X5w=
-15,-18,ufEGssEMYgddh0j4I3vr4AXwoh8=,dDfXHOzrTvxmSoNlj65MugM/X5w=
-16,-18,ufEGssEMYgddh0j4I3vr4AXwoh8=,dDfXHOzrTvxmSoNlj65MugM/X5w=
-10,-29,ufEGssEMYgddh0j4I3vr4AXwoh8=,dDfXHOzrTvxmSoNlj65MugM/X5w=
-2,-19,ufEGssEMYgddh0j4I3vr4AXwoh8=,dDfXHOzrTvxmSoNlj65MugM/X5w=
-3,-19,ufEGssEMYgddh0j4I3vr4AXwoh8=,dDfXHOzrTvxmSoNlj65MugM/X5w=
-16,-31,ufEGssEMYgddh0j4I3vr4AXwoh8=,dDfXHOzrTvxmSoNlj65MugM/X5w=
-9,-29,ufEGssEMYgddh0j4I3vr4AXwoh8=,dDfXHOzrTvxmSoNlj65MugM/X5w=
-4,-19,ufEGssEMYgddh0j4I3vr4AXwoh8=,dDfXHOzrTvxmSoNlj65MugM/X5w=
-1,-32,ufEGssEMYgddh0j4I3vr4AXwoh8=,dDfXHOzrTvxmSoNlj65MugM/X5w=
-5,-19,ufEGssEMYgddh0j4I3vr4AXwoh8=,dDfXHOzrTvxmSoNlj65MugM/X5w=
-8,-29,ufEGssEMYgddh0j4I3vr4AXwoh8=,dDfXHOzrTvxmSoNlj65MugM/X5w=
-5,-30,ufEGssEMYgddh0j4I3vr4AXwoh8=,dDfXHOzrTvxmSoNlj65MugM/X5w=
-6,-19,ufEGssEMYgddh0j4I3vr4AXwoh8=,dDfXHOzrTvxmSoNlj65MugM/X5w=
-7,-29,ufEGssEMYgddh0j4I3vr4AXwoh8=,dDfXHOzrTvxmSoNlj65MugM/X5w=
-9,-19,ufEGssEMYgddh0j4I3vr4AXwoh8=,dDfXHOzrTvxmSoNlj65MugM/X5w=
-7,-19,ufEGssEMYgddh0j4I3vr4AXwoh8=,dDfXHOzrTvxmSoNlj65MugM/X5w=
-6,-29,ufEGssEMYgddh0j4I3vr4AXwoh8=,dDfXHOzrTvxmSoNlj65MugM/X5w=
-11,-19,ufEGssEMYgddh0j4I3vr4AXwoh8=,dDfXHOzrTvxmSoNlj65MugM/X5w=
-5,-29,ufEGssEMYgddh0j4I3vr4AXwoh8=,dDfXHOzrTvxmSoNlj65MugM/X5w=
-12,-19,ufEGssEMYgddh0j4I3vr4AXwoh8=,dDfXHOzrTvxmSoNlj65MugM/X5w=
-10,-19,ufEGssEMYgddh0j4I3vr4AXwoh8=,dDfXHOzrTvxmSoNlj65MugM/X5w=
-13,-19,ufEGssEMYgddh0j4I3vr4AXwoh8=,dDfXHOzrTvxmSoNlj65MugM/X5w=
-8,-19,ufEGssEMYgddh0j4I3vr4AXwoh8=,dDfXHOzrTvxmSoNlj65MugM/X5w=
-4,-29,ufEGssEMYgddh0j4I3vr4AXwoh8=,dDfXHOzrTvxmSoNlj65MugM/X5w=
-14,-19,ufEGssEMYgddh0j4I3vr4AXwoh8=,dDfXHOzrTvxmSoNlj65MugM/X5w=
-16,-19,ufEGssEMYgddh0j4I3vr4AXwoh8=,dDfXHOzrTvxmSoNlj65MugM/X5w=
-2,-20,ufEGssEMYgddh0j4I3vr4AXwoh8=,dDfXHOzrTvxmSoNlj65MugM/X5w=
-15,-19,ufEGssEMYgddh0j4I3vr4AXwoh8=,dDfXHOzrTvxmSoNlj65MugM/X5w=
-3,-20,ufEGssEMYgddh0j4I3vr4AXwoh8=,dDfXHOzrTvxmSoNlj65MugM/X5w=
-3,-29,ufEGssEMYgddh0j4I3vr4AXwoh8=,dDfXHOzrTvxmSoNlj65MugM/X5w=
-12,-18,ufEGssEMYgddh0j4I3vr4AXwoh8=,dDfXHOzrTvxmSoNlj65MugM/X5w=
-15,-32,ufEGssEMYgddh0j4I3vr4AXwoh8=,dDfXHOzrTvxmSoNlj65MugM/X5w=
-2,-32,ufEGssEMYgddh0j4I3vr4AXwoh8=,dDfXHOzrTvxmSoNlj65MugM/X5w=
-2,-29,ufEGssEMYgddh0j4I3vr4AXwoh8=,dDfXHOzrTvxmSoNlj65MugM/X5w=
-4,-20,ufEGssEMYgddh0j4I3vr4AXwoh8=,dDfXHOzrTvxmSoNlj65MugM/X5w=
-5,-20,ufEGssEMYgddh0j4I3vr4AXwoh8=,dDfXHOzrTvxmSoNlj65MugM/X5w=
-15,-30,ufEGssEMYgddh0j4I3vr4AXwoh8=,dDfXHOzrTvxmSoNlj65MugM/X5w=
-6,-30,ufEGssEMYgddh0j4I3vr4AXwoh8=,dDfXHOzrTvxmSoNlj65MugM/X5w=
-7,-20,ufEGssEMYgddh0j4I3vr4AXwoh8=,dDfXHOzrTvxmSoNlj65MugM/X5w=
-8,-20,ufEGssEMYgddh0j4I3vr4AXwoh8=,dDfXHOzrTvxmSoNlj65MugM/X5w=
-1,-20,ufEGssEMYgddh0j4I3vr4AXwoh8=,dDfXHOzrTvxmSoNlj65MugM/X5w=
-9,-20,ufEGssEMYgddh0j4I3vr4AXwoh8=,dDfXHOzrTvxmSoNlj65MugM/X5w=
-1,-29,ufEGssEMYgddh0j4I3vr4AXwoh8=,dDfXHOzrTvxmSoNlj65MugM/X5w=
-11,-20,ufEGssEMYgddh0j4I3vr4AXwoh8=,dDfXHOzrTvxmSoNlj65MugM/X5w=
-12,-20,ufEGssEMYgddh0j4I3vr4AXwoh8=,dDfXHOzrTvxmSoNlj65MugM/X5w=
-10,-20,ufEGssEMYgddh0j4I3vr4AXwoh8=,dDfXHOzrTvxmSoNlj65MugM/X5w=
-13,-20,ufEGssEMYgddh0j4I3vr4AXwoh8=,dDfXHOzrTvxmSoNlj65MugM/X5w=
-14,-20,ufEGssEMYgddh0j4I3vr4AXwoh8=,dDfXHOzrTvxmSoNlj65MugM/X5w=
-16,-28,ufEGssEMYgddh0j4I3vr4AXwoh8=,dDfXHOzrTvxmSoNlj65MugM/X5w=
-15,-20,ufEGssEMYgddh0j4I3vr4AXwoh8=,dDfXHOzrTvxmSoNlj65MugM/X5w=
-1,-21,ufEGssEMYgddh0j4I3vr4AXwoh8=,dDfXHOzrTvxmSoNlj65MugM/X5w=
-2,-21,ufEGssEMYgddh0j4I3vr4AXwoh8=,dDfXHOzrTvxmSoNlj65MugM/X5w=
-16,-20,ufEGssEMYgddh0j4I3vr4AXwoh8=,dDfXHOzrTvxmSoNlj65MugM/X5w=
-6,-20,ufEGssEMYgddh0j4I3vr4AXwoh8=,dDfXHOzrTvxmSoNlj65MugM/X5w=
-3,-21,ufEGssEMYgddh0j4I3vr4AXwoh8=,dDfXHOzrTvxmSoNlj65MugM/X5w=
-7,-30,ufEGssEMYgddh0j4I3vr4AXwoh8=,dDfXHOzrTvxmSoNlj65MugM/X5w=
-15,-28,ufEGssEMYgddh0j4I3vr4AXwoh8=,dDfXHOzrTvxmSoNlj65MugM/X5w=
-4,-21,ufEGssEMYgddh0j4I3vr4AXwoh8=,dDfXHOzrTvxmSoNlj65MugM/X5w=
-3,-32,ufEGssEMYgddh0j4I3vr4AXwoh8=,dDfXHOzrTvxmSoNlj65MugM/X5w=
-14,-28,ufEGssEMYgddh0j4I3vr4AXwoh8=,dDfXHOzrTvxmSoNlj65MugM/X5w=
-10,-21,ufEGssEMYgddh0j4I3vr4AXwoh8=,dDfXHOzrTvxmSoNlj65MugM/X5w=
-9,-21,ufEGssEMYgddh0j4I3vr4AXwoh8=,dDfXHOzrTvxmSoNlj65MugM/X5w=
-11,-21,ufEGssEMYgddh0j4I3vr4AXwoh8=,dDfXHOzrTvxmSoNlj65MugM/X5w=
-7,-21,ufEGssEMYgddh0j4I3vr4AXwoh8=,dDfXHOzrTvxmSoNlj65MugM/X5w=
-8,-21,ufEGssEMYgddh0j4I3vr4AXwoh8=,dDfXHOzrTvxmSoNlj65MugM/X5w=
-5,-21,ufEGssEMYgddh0j4I3vr4AXwoh8=,dDfXHOzrTvxmSoNlj65MugM/X5w=
-6,-21,ufEGssEMYgddh0j4I3vr4AXwoh8=,dDfXHOzrTvxmSoNlj65MugM/X5w=
-12,-21,ufEGssEMYgddh0j4I3vr4AXwoh8=,dDfXHOzrTvxmSoNlj65MugM/X5w=
-16,-32,ufEGssEMYgddh0j4I3vr4AXwoh8=,dDfXHOzrTvxmSoNlj65MugM/X5w=
-13,-21,ufEGssEMYgddh0j4I3vr4AXwoh8=,dDfXHOzrTvxmSoNlj65MugM/X5w=
-13,-28,ufEGssEMYgddh0j4I3vr4AXwoh8=,dDfXHOzrTvxmSoNlj65MugM/X5w=
-14,-21,ufEGssEMYgddh0j4I3vr4AXwoh8=,dDfXHOzrTvxmSoNlj65MugM/X5w=
-15,-21,ufEGssEMYgddh0j4I3vr4AXwoh8=,dDfXHOzrTvxmSoNlj65MugM/X5w=
-3,-22,ufEGssEMYgddh0j4I3vr4AXwoh8=,dDfXHOzrTvxmSoNlj65MugM/X5w=
-1,-22,ufEGssEMYgddh0j4I3vr4AXwoh8=,dDfXHOzrTvxmSoNlj65MugM/X5w=
-2,-22,ufEGssEMYgddh0j4I3vr4AXwoh8=,dDfXHOzrTvxmSoNlj65MugM/X5w=
-8,-30,ufEGssEMYgddh0j4I3vr4AXwoh8=,dDfXHOzrTvxmSoNlj65MugM/X5w=
-16,-21,ufEGssEMYgddh0j4I3vr4AXwoh8=,dDfXHOzrTvxmSoNlj65MugM/X5w=
-5,-22,ufEGssEMYgddh0j4I3vr4AXwoh8=,dDfXHOzrTvxmSoNlj65MugM/X5w=
-14,-30,ufEGssEMYgddh0j4I3vr4AXwoh8=,dDfXHOzrTvxmSoNlj65MugM/X5w=
-6,-22,ufEGssEMYgddh0j4I3vr4AXwoh8=,dDfXHOzrTvxmSoNlj65MugM/X5w=
-4,-22,ufEGssEMYgddh0j4I3vr4AXwoh8=,dDfXHOzrTvxmSoNlj65MugM/X5w=
-4,-32,ufEGssEMYgddh0j4I3vr4AXwoh8=,dDfXHOzrTvxmSoNlj65MugM/X5w=
-10,-22,ufEGssEMYgddh0j4I3vr4AXwoh8=,dDfXHOzrTvxmSoNlj65MugM/X5w=
-12,-22,ufEGssEMYgddh0j4I3vr4AXwoh8=,dDfXHOzrTvxmSoNlj65MugM/X5w=
-13,-22,ufEGssEMYgddh0j4I3vr4AXwoh8=,dDfXHOzrTvxmSoNlj65MugM/X5w=
-9,-22,ufEGssEMYgddh0j4I3vr4AXwoh8=,dDfXHOzrTvxmSoNlj65MugM/X5w=
-8,-22,ufEGssEMYgddh0j4I3vr4AXwoh8=,dDfXHOzrTvxmSoNlj65MugM/X5w=
-7,-22,ufEGssEMYgddh0j4I3vr4AXwoh8=,dDfXHOzrTvxmSoNlj65MugM/X5w=
-15,-22,ufEGssEMYgddh0j4I3vr4AXwoh8=,dDfXHOzrTvxmSoNlj65MugM/X5w=
-16,-22,ufEGssEMYgddh0j4I3vr4AXwoh8=,dDfXHOzrTvxmSoNlj65MugM/X5w=
-14,-22,ufEGssEMYgddh0j4I3vr4AXwoh8=,dDfXHOzrTvxmSoNlj65MugM/X5w=
-1,-23,ufEGssEMYgddh0j4I3vr4AXwoh8=,dDfXHOzrTvxmSoNlj65MugM/X5w=
-3,-23,ufEGssEMYgddh0j4I3vr4AXwoh8=,dDfXHOzrTvxmSoNlj65MugM/X5w=
-4,-23,ufEGssEMYgddh0j4I3vr4AXwoh8=,dDfXHOzrTvxmSoNlj65MugM/X5w=
-5,-18,ufEGssEMYgddh0j4I3vr4AXwoh8=,dDfXHOzrTvxmSoNlj65MugM/X5w=
-6,-23,ufEGssEMYgddh0j4I3vr4AXwoh8=,dDfXHOzrTvxmSoNlj65MugM/X5w=
-9,-30,ufEGssEMYgddh0j4I3vr4AXwoh8=,dDfXHOzrTvxmSoNlj65MugM/X5w=
-2,-23,ufEGssEMYgddh0j4I3vr4AXwoh8=,dDfXHOzrTvxmSoNlj65MugM/X5w=
-9,-23,ufEGssEMYgddh0j4I3vr4AXwoh8=,dDfXHOzrTvxmSoNlj65MugM/X5w=
-7,-23,ufEGssEMYgddh0j4I3vr4AXwoh8=,dDfXHOzrTvxmSoNlj65MugM/X5w=
-8,-23,ufEGssEMYgddh0j4I3vr4AXwoh8=,dDfXHOzrTvxmSoNlj65MugM/X5w=
-5,-32,ufEGssEMYgddh0j4I3vr4AXwoh8=,dDfXHOzrTvxmSoNlj65MugM/X5w=
-12,-23,ufEGssEMYgddh0j4I3vr4AXwoh8=,dDfXHOzrTvxmSoNlj65MugM/X5w=
-13,-23,ufEGssEMYgddh0j4I3vr4AXwoh8=,dDfXHOzrTvxmSoNlj65MugM/X5w=
-11,-23,ufEGssEMYgddh0j4I3vr4AXwoh8=,dDfXHOzrTvxmSoNlj65MugM/X5w=
-10,-23,ufEGssEMYgddh0j4I3vr4AXwoh8=,dDfXHOzrTvxmSoNlj65MugM/X5w=
-14,-23,ufEGssEMYgddh0j4I3vr4AXwoh8=,dDfXHOzrTvxmSoNlj65MugM/X5w=
-16,-23,ufEGssEMYgddh0j4I3vr4AXwoh8=,dDfXHOzrTvxmSoNlj65MugM/X5w=
-1,-24,ufEGssEMYgddh0j4I3vr4AXwoh8=,dDfXHOzrTvxmSoNlj65MugM/X5w=
-2,-24,ufEGssEMYgddh0j4I3vr4AXwoh8=,dDfXHOzrTvxmSoNlj65MugM/X5w=
-15,-23,ufEGssEMYgddh0j4I3vr4AXwoh8=,dDfXHOzrTvxmSoNlj65MugM/X5w=
-3,-24,ufEGssEMYgddh0j4I3vr4AXwoh8=,dDfXHOzrTvxmSoNlj65MugM/X5w=
-5,-24,ufEGssEMYgddh0j4I3vr4AXwoh8=,dDfXHOzrTvxmSoNlj65MugM/X5w=
-4,-24,ufEGssEMYgddh0j4I3vr4AXwoh8=,dDfXHOzrTvxmSoNlj65MugM/X5w=
-6,-24,ufEGssEMYgddh0j4I3vr4AXwoh8=,dDfXHOzrTvxmSoNlj65MugM/X5w=
-10,-30,ufEGssEMYgddh0j4I3vr4AXwoh8=,dDfXHOzrTvxmSoNlj65MugM/X5w=
-6,-32,ufEGssEMYgddh0j4I3vr4AXwoh8=,dDfXHOzrTvxmSoNlj65MugM/X5w=
-8,-24,ufEGssEMYgddh0j4I3vr4AXwoh8=,dDfXHOzrTvxmSoNlj65MugM/X5w=
-7,-24,ufEGssEMYgddh0j4I3vr4AXwoh8=,dDfXHOzrTvxmSoNlj65MugM/X5w=
-5,-23,ufEGssEMYgddh0j4I3vr4AXwoh8=,dDfXHOzrTvxmSoNlj65MugM/X5w=
-12,-24,ufEGssEMYgddh0j4I3vr4AXwoh8=,dDfXHOzrTvxmSoNlj65MugM/X5w=
-10,-24,ufEGssEMYgddh0j4I3vr4AXwoh8=,dDfXHOzrTvxmSoNlj65MugM/X5w=
-11,-24,ufEGssEMYgddh0j4I3vr4AXwoh8=,dDfXHOzrTvxmSoNlj65MugM/X5w=
-14,-24,ufEGssEMYgddh0j4I3vr4AXwoh8=,dDfXHOzrTvxmSoNlj65MugM/X5w=
-9,-24,ufEGssEMYgddh0j4I3vr4AXwoh8=,dDfXHOzrTvxmSoNlj65MugM/X5w=
-13,-24,ufEGssEMYgddh0j4I3vr4AXwoh8=,dDfXHOzrTvxmSoNlj65MugM/X5w=
-2,-25,ufEGssEMYgddh0j4I3vr4AXwoh8=,dDfXHOzrTvxmSoNlj65MugM/X5w=
-5,-25,ufEGssEMYgddh0j4I3vr4AXwoh8=,dDfXHOzrTvxmSoNlj65MugM/X5w=
-16,-24,ufEGssEMYgddh0j4I3vr4AXwoh8=,dDfXHOzrTvxmSoNlj65MugM/X5w=
-6,-25,ufEGssEMYgddh0j4I3vr4AXwoh8=,dDfXHOzrTvxmSoNlj65MugM/X5w=
-3,-25,ufEGssEMYgddh0j4I3vr4AXwoh8=,dDfXHOzrTvxmSoNlj65MugM/X5w=
-4,-25,ufEGssEMYgddh0j4I3vr4AXwoh8=,dDfXHOzrTvxmSoNlj65MugM/X5w=
-11,-30,ufEGssEMYgddh0j4I3vr4AXwoh8=,dDfXHOzrTvxmSoNlj65MugM/X5w=
-8,-25,ufEGssEMYgddh0j4I3vr4AXwoh8=,dDfXHOzrTvxmSoNlj65MugM/X5w=
-10,-25,ufEGssEMYgddh0j4I3vr4AXwoh8=,dDfXHOzrTvxmSoNlj65MugM/X5w=
-11,-25,ufEGssEMYgddh0j4I3vr4AXwoh8=,dDfXHOzrTvxmSoNlj65MugM/X5w=
-12,-25,ufEGssEMYgddh0j4I3vr4AXwoh8=,dDfXHOzrTvxmSoNlj65MugM/X5w=
-11,-32,ufEGssEMYgddh0j4I3vr4AXwoh8=,dDfXHOzrTvxmSoNlj65MugM/X5w=
-14,-25,ufEGssEMYgddh0j4I3vr4AXwoh8=,dDfXHOzrTvxmSoNlj65MugM/X5w=
-13,-25,ufEGssEMYgddh0j4I3vr4AXwoh8=,dDfXHOzrTvxmSoNlj65MugM/X5w=
-12,-28,ufEGssEMYgddh0j4I3vr4AXwoh8=,dDfXHOzrTvxmSoNlj65MugM/X5w=
-1,-25,ufEGssEMYgddh0j4I3vr4AXwoh8=,dDfXHOzrTvxmSoNlj65MugM/X5w=
-15,-25,ufEGssEMYgddh0j4I3vr4AXwoh8=,dDfXHOzrTvxmSoNlj65MugM/X5w=
-11,-28,ufEGssEMYgddh0j4I3vr4AXwoh8=,dDfXHOzrTvxmSoNlj65MugM/X5w=
-16,-25,ufEGssEMYgddh0j4I3vr4AXwoh8=,dDfXHOzrTvxmSoNlj65MugM/X5w=
-10,-28,ufEGssEMYgddh0j4I3vr4AXwoh8=,dDfXHOzrTvxmSoNlj65MugM/X5w=
-1,-26,ufEGssEMYgddh0j4I3vr4AXwoh8=,dDfXHOzrTvxmSoNlj65MugM/X5w=
-2,-26,ufEGssEMYgddh0j4I3vr4AXwoh8=,dDfXHOzrTvxmSoNlj65MugM/X5w=
-7,-25,ufEGssEMYgddh0j4I3vr4AXwoh8=,dDfXHOzrTvxmSoNlj65MugM/X5w=
-9,-28,ufEGssEMYgddh0j4I3vr4AXwoh8=,dDfXHOzrTvxmSoNlj65MugM/X5w=
-3,-26,ufEGssEMYgddh0j4I3vr4AXwoh8=,dDfXHOzrTvxmSoNlj65MugM/X5w=
-5,-26,ufEGssEMYgddh0j4I3vr4AXwoh8=,dDfXHOzrTvxmSoNlj65MugM/X5w=
-4,-26,ufEGssEMYgddh0j4I3vr4AXwoh8=,dDfXHOzrTvxmSoNlj65MugM/X5w=
-7,-32,ufEGssEMYgddh0j4I3vr4AXwoh8=,dDfXHOzrTvxmSoNlj65MugM/X5w=
-15,-24,ufEGssEMYgddh0j4I3vr4AXwoh8=,dDfXHOzrTvxmSoNlj65MugM/X5w=
-6,-26,ufEGssEMYgddh0j4I3vr4AXwoh8=,dDfXHOzrTvxmSoNlj65MugM/X5w=
-8,-32,ufEGssEMYgddh0j4I3vr4AXwoh8=,dDfXHOzrTvxmSoNlj65MugM/X5w=
-9,-26,ufEGssEMYgddh0j4I3vr4AXwoh8=,dDfXHOzrTvxmSoNlj65MugM/X5w=
-12,-30,ufEGssEMYgddh0j4I3vr4AXwoh8=,dDfXHOzrTvxmSoNlj65MugM/X5w=
-8,-26,ufEGssEMYgddh0j4I3vr4AXwoh8=,dDfXHOzrTvxmSoNlj65MugM/X5w=
-11,-26,ufEGssEMYgddh0j4I3vr4AXwoh8=,dDfXHOzrTvxmSoNlj65MugM/X5w=
-10,-26,ufEGssEMYgddh0j4I3vr4AXwoh8=,dDfXHOzrTvxmSoNlj65MugM/X5w=
-7,-26,ufEGssEMYgddh0j4I3vr4AXwoh8=,dDfXHOzrTvxmSoNlj65MugM/X5w=
-12,-26,ufEGssEMYgddh0j4I3vr4AXwoh8=,dDfXHOzrTvxmSoNlj65MugM/X5w=
-8,-28,ufEGssEMYgddh0j4I3vr4AXwoh8=,dDfXHOzrTvxmSoNlj65MugM/X5w=
-13,-26,ufEGssEMYgddh0j4I3vr4AXwoh8=,dDfXHOzrTvxmSoNlj65MugM/X5w=
-15,-26,ufEGssEMYgddh0j4I3vr4AXwoh8=,dDfXHOzrTvxmSoNlj65MugM/X5w=
-7,-28,ufEGssEMYgddh0j4I3vr4AXwoh8=,dDfXHOzrTvxmSoNlj65MugM/X5w=
-2,-27,ufEGssEMYgddh0j4I3vr4AXwoh8=,dDfXHOzrTvxmSoNlj65MugM/X5w=
-16,-26,ufEGssEMYgddh0j4I3vr4AXwoh8=,dDfXHOzrTvxmSoNlj65MugM/X5w=
-14,-26,ufEGssEMYgddh0j4I3vr4AXwoh8=,dDfXHOzrTvxmSoNlj65MugM/X5w=
-1,-27,ufEGssEMYgddh0j4I3vr4AXwoh8=,dDfXHOzrTvxmSoNlj65MugM/X5w=
-6,-28,ufEGssEMYgddh0j4I3vr4AXwoh8=,dDfXHOzrTvxmSoNlj65MugM/X5w=
-3,-27,ufEGssEMYgddh0j4I3vr4AXwoh8=,dDfXHOzrTvxmSoNlj65MugM/X5w=
-5,-28,ufEGssEMYgddh0j4I3vr4AXwoh8=,dDfXHOzrTvxmSoNlj65MugM/X5w=
-7,-27,ufEGssEMYgddh0j4I3vr4AXwoh8=,dDfXHOzrTvxmSoNlj65MugM/X5w=
-8,-27,ufEGssEMYgddh0j4I3vr4AXwoh8=,dDfXHOzrTvxmSoNlj65MugM/X5w=
-5,-27,ufEGssEMYgddh0j4I3vr4AXwoh8=,dDfXHOzrTvxmSoNlj65MugM/X5w=
-6,-27,ufEGssEMYgddh0j4I3vr4AXwoh8=,dDfXHOzrTvxmSoNlj65MugM/X5w=
-9,-27,ufEGssEMYgddh0j4I3vr4AXwoh8=,dDfXHOzrTvxmSoNlj65MugM/X5w=
-11,-27,ufEGssEMYgddh0j4I3vr4AXwoh8=,dDfXHOzrTvxmSoNlj65MugM/X5w=
-10,-27,ufEGssEMYgddh0j4I3vr4AXwoh8=,dDfXHOzrTvxmSoNlj65MugM/X5w=
-9,-32,ufEGssEMYgddh0j4I3vr4AXwoh8=,dDfXHOzrTvxmSoNlj65MugM/X5w=
-13,-30,ufEGssEMYgddh0j4I3vr4AXwoh8=,dDfXHOzrTvxmSoNlj65MugM/X5w=
-4,-28,ufEGssEMYgddh0j4I3vr4AXwoh8=,dDfXHOzrTvxmSoNlj65MugM/X5w=
-12,-27,ufEGssEMYgddh0j4I3vr4AXwoh8=,dDfXHOzrTvxmSoNlj65MugM/X5w=
-13,-27,ufEGssEMYgddh0j4I3vr4AXwoh8=,dDfXHOzrTvxmSoNlj65MugM/X5w=
-16,-27,ufEGssEMYgddh0j4I3vr4AXwoh8=,dDfXHOzrTvxmSoNlj65MugM/X5w=
-15,-27,ufEGssEMYgddh0j4I3vr4AXwoh8=,dDfXHOzrTvxmSoNlj65MugM/X5w=
-10,-32,ufEGssEMYgddh0j4I3vr4AXwoh8=,dDfXHOzrTvxmSoNlj65MugM/X5w=
-14,-27,ufEGssEMYgddh0j4I3vr4AXwoh8=,dDfXHOzrTvxmSoNlj65MugM/X5w=
-3,-28,ufEGssEMYgddh0j4I3vr4AXwoh8=,dDfXHOzrTvxmSoNlj65MugM/X5w=
-2,-28,ufEGssEMYgddh0j4I3vr4AXwoh8=,dDfXHOzrTvxmSoNlj65MugM/X5w=
-11,-22,ufEGssEMYgddh0j4I3vr4AXwoh8=,dDfXHOzrTvxmSoNlj65MugM/X5w=
-9,-25,ufEGssEMYgddh0j4I3vr4AXwoh8=,dDfXHOzrTvxmSoNlj65MugM/X5w=
-4,-27,ufEGssEMYgddh0j4I3vr4AXwoh8=,dDfXHOzrTvxmSoNlj65MugM/X5w=
-1,-28,ufEGssEMYgddh0j4I3vr4AXwoh8=,dDfXHOzrTvxmSoNlj65MugM/X5w=
-17,-17,itTQdTEJQnbui1SzulDQh+dNNXg=,v0yWCgWk30dNgu0rWrD5Iixesk8=
-19,-17,itTQdTEJQnbui1SzulDQh+dNNXg=,v0yWCgWk30dNgu0rWrD5Iixesk8=
-29,-32,itTQdTEJQnbui1SzulDQh+dNNXg=,v0yWCgWk30dNgu0rWrD5Iixesk8=
-22,-17,itTQdTEJQnbui1SzulDQh+dNNXg=,v0yWCgWk30dNgu0rWrD5Iixesk8=
-23,-17,itTQdTEJQnbui1SzulDQh+dNNXg=,v0yWCgWk30dNgu0rWrD5Iixesk8=
-18,-17,itTQdTEJQnbui1SzulDQh+dNNXg=,v0yWCgWk30dNgu0rWrD5Iixesk8=
-19,-30,itTQdTEJQnbui1SzulDQh+dNNXg=,v0yWCgWk30dNgu0rWrD5Iixesk8=
-20,-17,itTQdTEJQnbui1SzulDQh+dNNXg=,v0yWCgWk30dNgu0rWrD5Iixesk8=
-18,-30,itTQdTEJQnbui1SzulDQh+dNNXg=,v0yWCgWk30dNgu0rWrD5Iixesk8=
-25,-17,itTQdTEJQnbui1SzulDQh+dNNXg=,v0yWCgWk30dNgu0rWrD5Iixesk8=
-24,-17,itTQdTEJQnbui1SzulDQh+dNNXg=,v0yWCgWk30dNgu0rWrD5Iixesk8=
-21,-17,itTQdTEJQnbui1SzulDQh+dNNXg=,v0yWCgWk30dNgu0rWrD5Iixesk8=
-26,-17,itTQdTEJQnbui1SzulDQh+dNNXg=,v0yWCgWk30dNgu0rWrD5Iixesk8=
-27,-17,itTQdTEJQnbui1SzulDQh+dNNXg=,v0yWCgWk30dNgu0rWrD5Iixesk8=
-17,-30,itTQdTEJQnbui1SzulDQh+dNNXg=,v0yWCgWk30dNgu0rWrD5Iixesk8=
-30,-17,itTQdTEJQnbui1SzulDQh+dNNXg=,v0yWCgWk30dNgu0rWrD5Iixesk8=
-31,-17,itTQdTEJQnbui1SzulDQh+dNNXg=,v0yWCgWk30dNgu0rWrD5Iixesk8=
-28,-17,itTQdTEJQnbui1SzulDQh+dNNXg=,v0yWCgWk30dNgu0rWrD5Iixesk8=
-29,-17,itTQdTEJQnbui1SzulDQh+dNNXg=,v0yWCgWk30dNgu0rWrD5Iixesk8=
-17,-31,itTQdTEJQnbui1SzulDQh+dNNXg=,v0yWCgWk30dNgu0rWrD5Iixesk8=
-17,-18,itTQdTEJQnbui1SzulDQh+dNNXg=,v0yWCgWk30dNgu0rWrD5Iixesk8=
-31,-31,itTQdTEJQnbui1SzulDQh+dNNXg=,v0yWCgWk30dNgu0rWrD5Iixesk8=
-18,-31,itTQdTEJQnbui1SzulDQh+dNNXg=,v0yWCgWk30dNgu0rWrD5Iixesk8=
-19,-31,itTQdTEJQnbui1SzulDQh+dNNXg=,v0yWCgWk30dNgu0rWrD5Iixesk8=
-32,-29,itTQdTEJQnbui1SzulDQh+dNNXg=,v0yWCgWk30dNgu0rWrD5Iixesk8=
-20,-31,itTQdTEJQnbui1SzulDQh+dNNXg=,v0yWCgWk30dNgu0rWrD5Iixesk8=
-32,-17,itTQdTEJQnbui1SzulDQh+dNNXg=,v0yWCgWk30dNgu0rWrD5Iixesk8=
-22,-31,itTQdTEJQnbui1SzulDQh+dNNXg=,v0yWCgWk30dNgu0rWrD5Iixesk8=
-23,-31,itTQdTEJQnbui1SzulDQh+dNNXg=,v0yWCgWk30dNgu0rWrD5Iixesk8=
-31,-29,itTQdTEJQnbui1SzulDQh+dNNXg=,v0yWCgWk30dNgu0rWrD5Iixesk8=
-21,-31,itTQdTEJQnbui1SzulDQh+dNNXg=,v0yWCgWk30dNgu0rWrD5Iixesk8=
-25,-31,itTQdTEJQnbui1SzulDQh+dNNXg=,v0yWCgWk30dNgu0rWrD5Iixesk8=
-24,-31,itTQdTEJQnbui1SzulDQh+dNNXg=,v0yWCgWk30dNgu0rWrD5Iixesk8=
-27,-31,itTQdTEJQnbui1SzulDQh+dNNXg=,v0yWCgWk30dNgu0rWrD5Iixesk8=
-26,-31,itTQdTEJQnbui1SzulDQh+dNNXg=,v0yWCgWk30dNgu0rWrD5Iixesk8=
-30,-32,itTQdTEJQnbui1SzulDQh+dNNXg=,v0yWCgWk30dNgu0rWrD5Iixesk8=
-29,-31,itTQdTEJQnbui1SzulDQh+dNNXg=,v0yWCgWk30dNgu0rWrD5Iixesk8=
-28,-31,itTQdTEJQnbui1SzulDQh+dNNXg=,v0yWCgWk30dNgu0rWrD5Iixesk8=
-18,-18,itTQdTEJQnbui1SzulDQh+dNNXg=,v0yWCgWk30dNgu0rWrD5Iixesk8=
-30,-29,itTQdTEJQnbui1SzulDQh+dNNXg=,v0yWCgWk30dNgu0rWrD5Iixesk8=
-19,-18,itTQdTEJQnbui1SzulDQh+dNNXg=,v0yWCgWk30dNgu0rWrD5Iixesk8=
-22,-18,itTQdTEJQnbui1SzulDQh+dNNXg=,v0yWCgWk30dNgu0rWrD5Iixesk8=
-20,-30,itTQdTEJQnbui1SzulDQh+dNNXg=,v0yWCgWk30dNgu0rWrD5Iixesk8=
-21,-18,itTQdTEJQnbui1SzulDQh+dNNXg=,v0yWCgWk30dNgu0rWrD5Iixesk8=
-30,-31,itTQdTEJQnbui1SzulDQh+dNNXg=,v0yWCgWk30dNgu0rWrD5Iixesk8=
-20,-18,itTQdTEJQnbui1SzulDQh+dNNXg=,v0yWCgWk30dNgu0rWrD5Iixesk8=
-32,-30,itTQdTEJQnbui1SzulDQh+dNNXg=,v0yWCgWk30dNgu0rWrD5Iixesk8=
-23,-18,itTQdTEJQnbui1SzulDQh+dNNXg=,v0yWCgWk30dNgu0rWrD5Iixesk8=
-24,-18,itTQdTEJQnbui1SzulDQh+dNNXg=,v0yWCgWk30dNgu0rWrD5Iixesk8=
-26,-18,itTQdTEJQnbui1SzulDQh+dNNXg=,v0yWCgWk30dNgu0rWrD5Iixesk8=
-25,-18,itTQdTEJQnbui1SzulDQh+dNNXg=,v0yWCgWk30dNgu0rWrD5Iixesk8=
-27,-18,itTQdTEJQnbui1SzulDQh+dNNXg=,v0yWCgWk30dNgu0rWrD5Iixesk8=
-28,-18,itTQdTEJQnbui1SzulDQh+dNNXg=,v0yWCgWk30dNgu0rWrD5Iixesk8=
-28,-32,itTQdTEJQnbui1SzulDQh+dNNXg=,v0yWCgWk30dNgu0rWrD5Iixesk8=
-32,-18,itTQdTEJQnbui1SzulDQh+dNNXg=,v0yWCgWk30dNgu0rWrD5Iixesk8=
-30,-18,itTQdTEJQnbui1SzulDQh+dNNXg=,v0yWCgWk30dNgu0rWrD5Iixesk8=
-31,-18,itTQdTEJQnbui1SzulDQh+dNNXg=,v0yWCgWk30dNgu0rWrD5Iixesk8=
-29,-18,itTQdTEJQnbui1SzulDQh+dNNXg=,v0yWCgWk30dNgu0rWrD5Iixesk8=
-32,-31,itTQdTEJQnbui1SzulDQh+dNNXg=,v0yWCgWk30dNgu0rWrD5Iixesk8=
-18,-19,itTQdTEJQnbui1SzulDQh+dNNXg=,v0yWCgWk30dNgu0rWrD5Iixesk8=
-29,-29,itTQdTEJQnbui1SzulDQh+dNNXg=,v0yWCgWk30dNgu0rWrD5Iixesk8=
-17,-32,itTQdTEJQnbui1SzulDQh+dNNXg=,v0yWCgWk30dNgu0rWrD5Iixesk8=
-19,-19,itTQdTEJQnbui1SzulDQh+dNNXg=,v0yWCgWk30dNgu0rWrD5Iixesk8=
-20,-19,itTQdTEJQnbui1SzulDQh+dNNXg=,v0yWCgWk30dNgu0rWrD5Iixesk8=
-21,-30,itTQdTEJQnbui1SzulDQh+dNNXg=,v0yWCgWk30dNgu0rWrD5Iixesk8=
-21,-19,itTQdTEJQnbui1SzulDQh+dNNXg=,v0yWCgWk30dNgu0rWrD5Iixesk8=
-23,-19,itTQdTEJQnbui1SzulDQh+dNNXg=,v0yWCgWk30dNgu0rWrD5Iixesk8=
-28,-29,itTQdTEJQnbui1SzulDQh+dNNXg=,v0yWCgWk30dNgu0rWrD5Iixesk8=
-17,-19,itTQdTEJQnbui1SzulDQh+dNNXg=,v0yWCgWk30dNgu0rWrD5Iixesk8=
-26,-19,itTQdTEJQnbui1SzulDQh+dNNXg=,v0yWCgWk30dNgu0rWrD5Iixesk8=
-24,-19,itTQdTEJQnbui1SzulDQh+dNNXg=,v0yWCgWk30dNgu0rWrD5Iixesk8=
-22,-19,itTQdTEJQnbui1SzulDQh+dNNXg=,v0yWCgWk30dNgu0rWrD5Iixesk8=
-27,-29,itTQdTEJQnbui1SzulDQh+dNNXg=,v0yWCgWk30dNgu0rWrD5Iixesk8=
-29,-19,itTQdTEJQnbui1SzulDQh+dNNXg=,v0yWCgWk30dNgu0rWrD5Iixesk8=
-25,-19,itTQdTEJQnbui1SzulDQh+dNNXg=,v0yWCgWk30dNgu0rWrD5Iixesk8=
-30,-19,itTQdTEJQnbui1SzulDQh+dNNXg=,v0yWCgWk30dNgu0rWrD5Iixesk8=
-31,-19,itTQdTEJQnbui1SzulDQh+dNNXg=,v0yWCgWk30dNgu0rWrD5Iixesk8=
-26,-29,itTQdTEJQnbui1SzulDQh+dNNXg=,v0yWCgWk30dNgu0rWrD5Iixesk8=
-28,-19,itTQdTEJQnbui1SzulDQh+dNNXg=,v0yWCgWk30dNgu0rWrD5Iixesk8=
-31,-32,itTQdTEJQnbui1SzulDQh+dNNXg=,v0yWCgWk30dNgu0rWrD5Iixesk8=
-18,-20,itTQdTEJQnbui1SzulDQh+dNNXg=,v0yWCgWk30dNgu0rWrD5Iixesk8=
-32,-19,itTQdTEJQnbui1SzulDQh+dNNXg=,v0yWCgWk30dNgu0rWrD5Iixesk8=
-18,-32,itTQdTEJQnbui1SzulDQh+dNNXg=,v0yWCgWk30dNgu0rWrD5Iixesk8=
-25,-29,itTQdTEJQnbui1SzulDQh+dNNXg=,v0yWCgWk30dNgu0rWrD5Iixesk8=
-17,-20,itTQdTEJQnbui1SzulDQh+dNNXg=,v0yWCgWk30dNgu0rWrD5Iixesk8=
-19,-20,itTQdTEJQnbui1SzulDQh+dNNXg=,v0yWCgWk30dNgu0rWrD5Iixesk8=
-22,-30,itTQdTEJQnbui1SzulDQh+dNNXg=,v0yWCgWk30dNgu0rWrD5Iixesk8=
-23,-20,itTQdTEJQnbui1SzulDQh+dNNXg=,v0yWCgWk30dNgu0rWrD5Iixesk8=
-20,-20,itTQdTEJQnbui1SzulDQh+dNNXg=,v0yWCgWk30dNgu0rWrD5Iixesk8=
-24,-29,itTQdTEJQnbui1SzulDQh+dNNXg=,v0yWCgWk30dNgu0rWrD5Iixesk8=
-22,-20,itTQdTEJQnbui1SzulDQh+dNNXg=,v0yWCgWk30dNgu0rWrD5Iixesk8=
-21,-20,itTQdTEJQnbui1SzulDQh+dNNXg=,v0yWCgWk30dNgu0rWrD5Iixesk8=
-26,-20,itTQdTEJQnbui1SzulDQh+dNNXg=,v0yWCgWk30dNgu0rWrD5Iixesk8=
-27,-20,itTQdTEJQnbui1SzulDQh+dNNXg=,v0yWCgWk30dNgu0rWrD5Iixesk8=
-28,-20,itTQdTEJQnbui1SzulDQh+dNNXg=,v0yWCgWk30dNgu0rWrD5Iixesk8=
-24,-20,itTQdTEJQnbui1SzulDQh+dNNXg=,v0yWCgWk30dNgu0rWrD5Iixesk8=
-23,-29,itTQdTEJQnbui1SzulDQh+dNNXg=,v0yWCgWk30dNgu0rWrD5Iixesk8=
-25,-20,itTQdTEJQnbui1SzulDQh+dNNXg=,v0yWCgWk30dNgu0rWrD5Iixesk8=
-29,-20,itTQdTEJQnbui1SzulDQh+dNNXg=,v0yWCgWk30dNgu0rWrD5Iixesk8=
-31,-20,itTQdTEJQnbui1SzulDQh+dNNXg=,v0yWCgWk30dNgu0rWrD5Iixesk8=
-30,-20,itTQdTEJQnbui1SzulDQh+dNNXg=,v0yWCgWk30dNgu0rWrD5Iixesk8=
-17,-21,itTQdTEJQnbui1SzulDQh+dNNXg=,v0yWCgWk30dNgu0rWrD5Iixesk8=
-19,-32,itTQdTEJQnbui1SzulDQh+dNNXg=,v0yWCgWk30dNgu0rWrD5Iixesk8=
-18,-21,itTQdTEJQnbui1SzulDQh+dNNXg=,v0yWCgWk30dNgu0rWrD5Iixesk8=
-22,-29,itTQdTEJQnbui1SzulDQh+dNNXg=,v0yWCgWk30dNgu0rWrD5Iixesk8=
-19,-21,itTQdTEJQnbui1SzulDQh+dNNXg=,v0yWCgWk30dNgu0rWrD5Iixesk8=
-20,-21,itTQdTEJQnbui1SzulDQh+dNNXg=,v0yWCgWk30dNgu0rWrD5Iixesk8=
-27,-19,itTQdTEJQnbui1SzulDQh+dNNXg=,v0yWCgWk30dNgu0rWrD5Iixesk8=
-21,-21,itTQdTEJQnbui1SzulDQh+dNNXg=,v0yWCgWk30dNgu0rWrD5Iixesk8=
-23,-30,itTQdTEJQnbui1SzulDQh+dNNXg=,v0yWCgWk30dNgu0rWrD5Iixesk8=
-32,-20,itTQdTEJQnbui1SzulDQh+dNNXg=,v0yWCgWk30dNgu0rWrD5Iixesk8=
-27,-21,itTQdTEJQnbui1SzulDQh+dNNXg=,v0yWCgWk30dNgu0rWrD5Iixesk8=
-26,-21,itTQdTEJQnbui1SzulDQh+dNNXg=,v0yWCgWk30dNgu0rWrD5Iixesk8=
-21,-29,itTQdTEJQnbui1SzulDQh+dNNXg=,v0yWCgWk30dNgu0rWrD5Iixesk8=
-23,-21,itTQdTEJQnbui1SzulDQh+dNNXg=,v0yWCgWk30dNgu0rWrD5Iixesk8=
-25,-21,itTQdTEJQnbui1SzulDQh+dNNXg=,v0yWCgWk30dNgu0rWrD5Iixesk8=
-28,-21,itTQdTEJQnbui1SzulDQh+dNNXg=,v0yWCgWk30dNgu0rWrD5Iixesk8=
-29,-21,itTQdTEJQnbui1SzulDQh+dNNXg=,v0yWCgWk30dNgu0rWrD5Iixesk8=
-31,-21,itTQdTEJQnbui1SzulDQh+dNNXg=,v0yWCgWk30dNgu0rWrD5Iixesk8=
-32,-21,itTQdTEJQnbui1SzulDQh+dNNXg=,v0yWCgWk30dNgu0rWrD5Iixesk8=
-22,-21,itTQdTEJQnbui1SzulDQh+dNNXg=,v0yWCgWk30dNgu0rWrD5Iixesk8=
-17,-22,itTQdTEJQnbui1SzulDQh+dNNXg=,v0yWCgWk30dNgu0rWrD5Iixesk8=
-19,-22,itTQdTEJQnbui1SzulDQh+dNNXg=,v0yWCgWk30dNgu0rWrD5Iixesk8=
-30,-21,itTQdTEJQnbui1SzulDQh+dNNXg=,v0yWCgWk30dNgu0rWrD5Iixesk8=
-20,-22,itTQdTEJQnbui1SzulDQh+dNNXg=,v0yWCgWk30dNgu0rWrD5Iixesk8=
-20,-29,itTQdTEJQnbui1SzulDQh+dNNXg=,v0yWCgWk30dNgu0rWrD5Iixesk8=
-20,-32,itTQdTEJQnbui1SzulDQh+dNNXg=,v0yWCgWk30dNgu0rWrD5Iixesk8=
-21,-22,itTQdTEJQnbui1SzulDQh+dNNXg=,v0yWCgWk30dNgu0rWrD5Iixesk8=
-22,-22,itTQdTEJQnbui1SzulDQh+dNNXg=,v0yWCgWk30dNgu0rWrD5Iixesk8=
-19,-29,itTQdTEJQnbui1SzulDQh+dNNXg=,v0yWCgWk30dNgu0rWrD5Iixesk8=
-23,-22,itTQdTEJQnbui1SzulDQh+dNNXg=,v0yWCgWk30dNgu0rWrD5Iixesk8=
-24,-30,itTQdTEJQnbui1SzulDQh+dNNXg=,v0yWCgWk30dNgu0rWrD5Iixesk8=
-24,-22,itTQdTEJQnbui1SzulDQh+dNNXg=,v0yWCgWk30dNgu0rWrD5Iixesk8=
-28,-22,itTQdTEJQnbui1SzulDQh+dNNXg=,v0yWCgWk30dNgu0rWrD5Iixesk8=
-29,-22,itTQdTEJQnbui1SzulDQh+dNNXg=,v0yWCgWk30dNgu0rWrD5Iixesk8=
-27,-22,itTQdTEJQnbui1SzulDQh+dNNXg=,v0yWCgWk30dNgu0rWrD5Iixesk8=
-26,-22,itTQdTEJQnbui1SzulDQh+dNNXg=,v0yWCgWk30dNgu0rWrD5Iixesk8=
-18,-22,itTQdTEJQnbui1SzulDQh+dNNXg=,v0yWCgWk30dNgu0rWrD5Iixesk8=
-30,-22,itTQdTEJQnbui1SzulDQh+dNNXg=,v0yWCgWk30dNgu0rWrD5Iixesk8=
-17,-23,itTQdTEJQnbui1SzulDQh+dNNXg=,v0yWCgWk30dNgu0rWrD5Iixesk8=
-19,-23,itTQdTEJQnbui1SzulDQh+dNNXg=,v0yWCgWk30dNgu0rWrD5Iixesk8=
-20,-23,itTQdTEJQnbui1SzulDQh+dNNXg=,v0yWCgWk30dNgu0rWrD5Iixesk8=
-18,-23,itTQdTEJQnbui1SzulDQh+dNNXg=,v0yWCgWk30dNgu0rWrD5Iixesk8=
-21,-23,itTQdTEJQnbui1SzulDQh+dNNXg=,v0yWCgWk30dNgu0rWrD5Iixesk8=
-31,-22,itTQdTEJQnbui1SzulDQh+dNNXg=,v0yWCgWk30dNgu0rWrD5Iixesk8=
-25,-22,itTQdTEJQnbui1SzulDQh+dNNXg=,v0yWCgWk30dNgu0rWrD5Iixesk8=
-32,-22,itTQdTEJQnbui1SzulDQh+dNNXg=,v0yWCgWk30dNgu0rWrD5Iixesk8=
-22,-23,itTQdTEJQnbui1SzulDQh+dNNXg=,v0yWCgWk30dNgu0rWrD5Iixesk8=
-24,-21,itTQdTEJQnbui1SzulDQh+dNNXg=,v0yWCgWk30dNgu0rWrD5Iixesk8=
-25,-30,itTQdTEJQnbui1SzulDQh+dNNXg=,v0yWCgWk30dNgu0rWrD5Iixesk8=
-21,-32,itTQdTEJQnbui1SzulDQh+dNNXg=,v0yWCgWk30dNgu0rWrD5Iixesk8=
-28,-23,itTQdTEJQnbui1SzulDQh+dNNXg=,v0yWCgWk30dNgu0rWrD5Iixesk8=
-24,-23,itTQdTEJQnbui1SzulDQh+dNNXg=,v0yWCgWk30dNgu0rWrD5Iixesk8=
-25,-23,itTQdTEJQnbui1SzulDQh+dNNXg=,v0yWCgWk30dNgu0rWrD5Iixesk8=
-26,-23,itTQdTEJQnbui1SzulDQh+dNNXg=,v0yWCgWk30dNgu0rWrD5Iixesk8=
-27,-23,itTQdTEJQnbui1SzulDQh+dNNXg=,v0yWCgWk30dNgu0rWrD5Iixesk8=
-18,-29,itTQdTEJQnbui1SzulDQh+dNNXg=,v0yWCgWk30dNgu0rWrD5Iixesk8=
-30,-23,itTQdTEJQnbui1SzulDQh+dNNXg=,v0yWCgWk30dNgu0rWrD5Iixesk8=
-18,-24,itTQdTEJQnbui1SzulDQh+dNNXg=,v0yWCgWk30dNgu0rWrD5Iixesk8=
-19,-24,itTQdTEJQnbui1SzulDQh+dNNXg=,v0yWCgWk30dNgu0rWrD5Iixesk8=
-20,-24,itTQdTEJQnbui1SzulDQh+dNNXg=,v0yWCgWk30dNgu0rWrD5Iixesk8=
-21,-24,itTQdTEJQnbui1SzulDQh+dNNXg=,v0yWCgWk30dNgu0rWrD5Iixesk8=
-31,-23,itTQdTEJQnbui1SzulDQh+dNNXg=,v0yWCgWk30dNgu0rWrD5Iixesk8=
-29,-23,itTQdTEJQnbui1SzulDQh+dNNXg=,v0yWCgWk30dNgu0rWrD5Iixesk8=
-22,-24,itTQdTEJQnbui1SzulDQh+dNNXg=,v0yWCgWk30dNgu0rWrD5Iixesk8=
-32,-23,itTQdTEJQnbui1SzulDQh+dNNXg=,v0yWCgWk30dNgu0rWrD5Iixesk8=
-17,-24,itTQdTEJQnbui1SzulDQh+dNNXg=,v0yWCgWk30dNgu0rWrD5Iixesk8=
-31,-30,itTQdTEJQnbui1SzulDQh+dNNXg=,v0yWCgWk30dNgu0rWrD5Iixesk8=
-23,-24,itTQdTEJQnbui1SzulDQh+dNNXg=,v0yWCgWk30dNgu0rWrD5Iixesk8=
-25,-24,itTQdTEJQnbui1SzulDQh+dNNXg=,v0yWCgWk30dNgu0rWrD5Iixesk8=
-26,-24,itTQdTEJQnbui1SzulDQh+dNNXg=,v0yWCgWk30dNgu0rWrD5Iixesk8=
-28,-24,itTQdTEJQnbui1SzulDQh+dNNXg=,v0yWCgWk30dNgu0rWrD5Iixesk8=
-26,-30,itTQdTEJQnbui1SzulDQh+dNNXg=,v0yWCgWk30dNgu0rWrD5Iixesk8=
-27,-24,itTQdTEJQnbui1SzulDQh+dNNXg=,v0yWCgWk30dNgu0rWrD5Iixesk8=
-29,-24,itTQdTEJQnbui1SzulDQh+dNNXg=,v0yWCgWk30dNgu0rWrD5Iixesk8=
-30,-24,itTQdTEJQnbui1SzulDQh+dNNXg=,v0yWCgWk30dNgu0rWrD5Iixesk8=
-17,-29,itTQdTEJQnbui1SzulDQh+dNNXg=,v0yWCgWk30dNgu0rWrD5Iixesk8=
-17,-25,itTQdTEJQnbui1SzulDQh+dNNXg=,v0yWCgWk30dNgu0rWrD5Iixesk8=
-32,-24,itTQdTEJQnbui1SzulDQh+dNNXg=,v0yWCgWk30dNgu0rWrD5Iixesk8=
-19,-25,itTQdTEJQnbui1SzulDQh+dNNXg=,v0yWCgWk30dNgu0rWrD5Iixesk8=
-20,-25,itTQdTEJQnbui1SzulDQh+dNNXg=,v0yWCgWk30dNgu0rWrD5Iixesk8=
-18,-25,itTQdTEJQnbui1SzulDQh+dNNXg=,v0yWCgWk30dNgu0rWrD5Iixesk8=
-21,-25,itTQdTEJQnbui1SzulDQh+dNNXg=,v0yWCgWk30dNgu0rWrD5Iixesk8=
-22,-25,itTQdTEJQnbui1SzulDQh+dNNXg=,v0yWCgWk30dNgu0rWrD5Iixesk8=
-31,-24,itTQdTEJQnbui1SzulDQh+dNNXg=,v0yWCgWk30dNgu0rWrD5Iixesk8=
-32,-28,itTQdTEJQnbui1SzulDQh+dNNXg=,v0yWCgWk30dNgu0rWrD5Iixesk8=
-23,-25,itTQdTEJQnbui1SzulDQh+dNNXg=,v0yWCgWk30dNgu0rWrD5Iixesk8=
-24,-25,itTQdTEJQnbui1SzulDQh+dNNXg=,v0yWCgWk30dNgu0rWrD5Iixesk8=
-22,-32,itTQdTEJQnbui1SzulDQh+dNNXg=,v0yWCgWk30dNgu0rWrD5Iixesk8=
-23,-23,itTQdTEJQnbui1SzulDQh+dNNXg=,v0yWCgWk30dNgu0rWrD5Iixesk8=
-23,-32,itTQdTEJQnbui1SzulDQh+dNNXg=,v0yWCgWk30dNgu0rWrD5Iixesk8=
-31,-28,itTQdTEJQnbui1SzulDQh+dNNXg=,v0yWCgWk30dNgu0rWrD5Iixesk8=
-25,-25,itTQdTEJQnbui1SzulDQh+dNNXg=,v0yWCgWk30dNgu0rWrD5Iixesk8=
-27,-30,itTQdTEJQnbui1SzulDQh+dNNXg=,v0yWCgWk30dNgu0rWrD5Iixesk8=
-26,-25,itTQdTEJQnbui1SzulDQh+dNNXg=,v0yWCgWk30dNgu0rWrD5Iixesk8=
-29,-25,itTQdTEJQnbui1SzulDQh+dNNXg=,v0yWCgWk30dNgu0rWrD5Iixesk8=
-24,-24,itTQdTEJQnbui1SzulDQh+dNNXg=,v0yWCgWk30dNgu0rWrD5Iixesk8=
-27,-25,itTQdTEJQnbui1SzulDQh+dNNXg=,v0yWCgWk30dNgu0rWrD5Iixesk8=
-30,-25,itTQdTEJQnbui1SzulDQh+dNNXg=,v0yWCgWk30dNgu0rWrD5Iixesk8=
-19,-26,itTQdTEJQnbui1SzulDQh+dNNXg=,v0yWCgWk30dNgu0rWrD5Iixesk8=
-28,-25,itTQdTEJQnbui1SzulDQh+dNNXg=,v0yWCgWk30dNgu0rWrD5Iixesk8=
-30,-28,itTQdTEJQnbui1SzulDQh+dNNXg=,v0yWCgWk30dNgu0rWrD5Iixesk8=
-21,-26,itTQdTEJQnbui1SzulDQh+dNNXg=,v0yWCgWk30dNgu0rWrD5Iixesk8=
-31,-25,itTQdTEJQnbui1SzulDQh+dNNXg=,v0yWCgWk30dNgu0rWrD5Iixesk8=
-32,-32,itTQdTEJQnbui1SzulDQh+dNNXg=,v0yWCgWk30dNgu0rWrD5Iixesk8=
-20,-26,itTQdTEJQnbui1SzulDQh+dNNXg=,v0yWCgWk30dNgu0rWrD5Iixesk8=
-22,-26,itTQdTEJQnbui1SzulDQh+dNNXg=,v0yWCgWk30dNgu0rWrD5Iixesk8=
-17,-26,itTQdTEJQnbui1SzulDQh+dNNXg=,v0yWCgWk30dNgu0rWrD5Iixesk8=
-24,-26,itTQdTEJQnbui1SzulDQh+dNNXg=,v0yWCgWk30dNgu0rWrD5Iixesk8=
-18,-26,itTQdTEJQnbui1SzulDQh+dNNXg=,v0yWCgWk30dNgu0rWrD5Iixesk8=
-25,-26,itTQdTEJQnbui1SzulDQh+dNNXg=,v0yWCgWk30dNgu0rWrD5Iixesk8=
-23,-26,itTQdTEJQnbui1SzulDQh+dNNXg=,v0yWCgWk30dNgu0rWrD5Iixesk8=
-24,-32,itTQdTEJQnbui1SzulDQh+dNNXg=,v0yWCgWk30dNgu0rWrD5Iixesk8=
-29,-28,itTQdTEJQnbui1SzulDQh+dNNXg=,v0yWCgWk30dNgu0rWrD5Iixesk8=
-26,-26,itTQdTEJQnbui1SzulDQh+dNNXg=,v0yWCgWk30dNgu0rWrD5Iixesk8=
-28,-30,itTQdTEJQnbui1SzulDQh+dNNXg=,v0yWCgWk30dNgu0rWrD5Iixesk8=
-27,-26,itTQdTEJQnbui1SzulDQh+dNNXg=,v0yWCgWk30dNgu0rWrD5Iixesk8=
-29,-26,itTQdTEJQnbui1SzulDQh+dNNXg=,v0yWCgWk30dNgu0rWrD5Iixesk8=
-28,-26,itTQdTEJQnbui1SzulDQh+dNNXg=,v0yWCgWk30dNgu0rWrD5Iixesk8=
-31,-26,itTQdTEJQnbui1SzulDQh+dNNXg=,v0yWCgWk30dNgu0rWrD5Iixesk8=
-30,-30,itTQdTEJQnbui1SzulDQh+dNNXg=,v0yWCgWk30dNgu0rWrD5Iixesk8=
-17,-27,itTQdTEJQnbui1SzulDQh+dNNXg=,v0yWCgWk30dNgu0rWrD5Iixesk8=
-20,-27,itTQdTEJQnbui1SzulDQh+dNNXg=,v0yWCgWk30dNgu0rWrD5Iixesk8=
-27,-32,itTQdTEJQnbui1SzulDQh+dNNXg=,v0yWCgWk30dNgu0rWrD5Iixesk8=
-18,-27,itTQdTEJQnbui1SzulDQh+dNNXg=,v0yWCgWk30dNgu0rWrD5Iixesk8=
-32,-25,itTQdTEJQnbui1SzulDQh+dNNXg=,v0yWCgWk30dNgu0rWrD5Iixesk8=
-21,-27,itTQdTEJQnbui1SzulDQh+dNNXg=,v0yWCgWk30dNgu0rWrD5Iixesk8=
-28,-28,itTQdTEJQnbui1SzulDQh+dNNXg=,v0yWCgWk30dNgu0rWrD5Iixesk8=
-22,-27,itTQdTEJQnbui1SzulDQh+dNNXg=,v0yWCgWk30dNgu0rWrD5Iixesk8=
-23,-27,itTQdTEJQnbui1SzulDQh+dNNXg=,v0yWCgWk30dNgu0rWrD5Iixesk8=
-24,-27,itTQdTEJQnbui1SzulDQh+dNNXg=,v0yWCgWk30dNgu0rWrD5Iixesk8=
-27,-28,itTQdTEJQnbui1SzulDQh+dNNXg=,v0yWCgWk30dNgu0rWrD5Iixesk8=
-27,-27,itTQdTEJQnbui1SzulDQh+dNNXg=,v0yWCgWk30dNgu0rWrD5Iixesk8=
-26,-27,itTQdTEJQnbui1SzulDQh+dNNXg=,v0yWCgWk30dNgu0rWrD5Iixesk8=
-25,-27,itTQdTEJQnbui1SzulDQh+dNNXg=,v0yWCgWk30dNgu0rWrD5Iixesk8=
-25,-32,itTQdTEJQnbui1SzulDQh+dNNXg=,v0yWCgWk30dNgu0rWrD5Iixesk8=
-29,-30,itTQdTEJQnbui1SzulDQh+dNNXg=,v0yWCgWk30dNgu0rWrD5Iixesk8=
-28,-27,itTQdTEJQnbui1SzulDQh+dNNXg=,v0yWCgWk30dNgu0rWrD5Iixesk8=
-26,-28,itTQdTEJQnbui1SzulDQh+dNNXg=,v0yWCgWk30dNgu0rWrD5Iixesk8=
-32,-26,itTQdTEJQnbui1SzulDQh+dNNXg=,v0yWCgWk30dNgu0rWrD5Iixesk8=
-19,-27,itTQdTEJQnbui1SzulDQh+dNNXg=,v0yWCgWk30dNgu0rWrD5Iixesk8=
-30,-26,itTQdTEJQnbui1SzulDQh+dNNXg=,v0yWCgWk30dNgu0rWrD5Iixesk8=
-25,-28,itTQdTEJQnbui1SzulDQh+dNNXg=,v0yWCgWk30dNgu0rWrD5Iixesk8=
-29,-27,itTQdTEJQnbui1SzulDQh+dNNXg=,v0yWCgWk30dNgu0rWrD5Iixesk8=
-32,-27,itTQdTEJQnbui1SzulDQh+dNNXg=,v0yWCgWk30dNgu0rWrD5Iixesk8=
-26,-32,itTQdTEJQnbui1SzulDQh+dNNXg=,v0yWCgWk30dNgu0rWrD5Iixesk8=
-24,-28,itTQdTEJQnbui1SzulDQh+dNNXg=,v0yWCgWk30dNgu0rWrD5Iixesk8=
-17,-28,itTQdTEJQnbui1SzulDQh+dNNXg=,v0yWCgWk30dNgu0rWrD5Iixesk8=
-31,-27,itTQdTEJQnbui1SzulDQh+dNNXg=,v0yWCgWk30dNgu0rWrD5Iixesk8=
-18,-28,itTQdTEJQnbui1SzulDQh+dNNXg=,v0yWCgWk30dNgu0rWrD5Iixesk8=
-30,-27,itTQdTEJQnbui1SzulDQh+dNNXg=,v0yWCgWk30dNgu0rWrD5Iixesk8=
-19,-28,itTQdTEJQnbui1SzulDQh+dNNXg=,v0yWCgWk30dNgu0rWrD5Iixesk8=
-20,-28,itTQdTEJQnbui1SzulDQh+dNNXg=,v0yWCgWk30dNgu0rWrD5Iixesk8=
-21,-28,itTQdTEJQnbui1SzulDQh+dNNXg=,v0yWCgWk30dNgu0rWrD5Iixesk8=
-22,-28,itTQdTEJQnbui1SzulDQh+dNNXg=,v0yWCgWk30dNgu0rWrD5Iixesk8=
-23,-28,itTQdTEJQnbui1SzulDQh+dNNXg=,v0yWCgWk30dNgu0rWrD5Iixesk8=
-22,-14,P94MZyl/KP8HeBWC4rBf1gOK/j0=,5IwiEIhMYS/MYUM5LlXydmU38mQ=
-29,-16,P94MZyl/KP8HeBWC4rBf1gOK/j0=,5IwiEIhMYS/MYUM5LlXydmU38mQ=
-23,-14,P94MZyl/KP8HeBWC4rBf1gOK/j0=,5IwiEIhMYS/MYUM5LlXydmU38mQ=
-21,-14,P94MZyl/KP8HeBWC4rBf1gOK/j0=,5IwiEIhMYS/MYUM5LlXydmU38mQ=
-17,-15,P94MZyl/KP8HeBWC4rBf1gOK/j0=,5IwiEIhMYS/MYUM5LlXydmU38mQ=
-19,-14,P94MZyl/KP8HeBWC4rBf1gOK/j0=,5IwiEIhMYS/MYUM5LlXydmU38mQ=
-20,-13,P94MZyl/KP8HeBWC4rBf1gOK/j0=,5IwiEIhMYS/MYUM5LlXydmU38mQ=
-20,-14,P94MZyl/KP8HeBWC4rBf1gOK/j0=,5IwiEIhMYS/MYUM5LlXydmU38mQ=
-17,-1,P94MZyl/KP8HeBWC4rBf1gOK/j0=,5IwiEIhMYS/MYUM5LlXydmU38mQ=
-27,-14,P94MZyl/KP8HeBWC4rBf1gOK/j0=,5IwiEIhMYS/MYUM5LlXydmU38mQ=
-30,-14,P94MZyl/KP8HeBWC4rBf1gOK/j0=,5IwiEIhMYS/MYUM5LlXydmU38mQ=
-31,-14,P94MZyl/KP8HeBWC4rBf1gOK/j0=,5IwiEIhMYS/MYUM5LlXydmU38mQ=
-18,-14,P94MZyl/KP8HeBWC4rBf1gOK/j0=,5IwiEIhMYS/MYUM5LlXydmU38mQ=
-24,-14,P94MZyl/KP8HeBWC4rBf1gOK/j0=,5IwiEIhMYS/MYUM5LlXydmU38mQ=
-25,-14,P94MZyl/KP8HeBWC4rBf1gOK/j0=,5IwiEIhMYS/MYUM5LlXydmU38mQ=
-26,-14,P94MZyl/KP8HeBWC4rBf1gOK/j0=,5IwiEIhMYS/MYUM5LlXydmU38mQ=
-29,-14,P94MZyl/KP8HeBWC4rBf1gOK/j0=,5IwiEIhMYS/MYUM5LlXydmU38mQ=
-28,-14,P94MZyl/KP8HeBWC4rBf1gOK/j0=,5IwiEIhMYS/MYUM5LlXydmU38mQ=
-32,-14,P94MZyl/KP8HeBWC4rBf1gOK/j0=,5IwiEIhMYS/MYUM5LlXydmU38mQ=
-21,-13,P94MZyl/KP8HeBWC4rBf1gOK/j0=,5IwiEIhMYS/MYUM5LlXydmU38mQ=
-18,-1,P94MZyl/KP8HeBWC4rBf1gOK/j0=,5IwiEIhMYS/MYUM5LlXydmU38mQ=
-28,-16,P94MZyl/KP8HeBWC4rBf1gOK/j0=,5IwiEIhMYS/MYUM5LlXydmU38mQ=
-20,-1,P94MZyl/KP8HeBWC4rBf1gOK/j0=,5IwiEIhMYS/MYUM5LlXydmU38mQ=
-21,-1,P94MZyl/KP8HeBWC4rBf1gOK/j0=,5IwiEIhMYS/MYUM5LlXydmU38mQ=
-19,-1,P94MZyl/KP8HeBWC4rBf1gOK/j0=,5IwiEIhMYS/MYUM5LlXydmU38mQ=
-30,-16,P94MZyl/KP8HeBWC4rBf1gOK/j0=,5IwiEIhMYS/MYUM5LlXydmU38mQ=
-22,-13,P94MZyl/KP8HeBWC4rBf1gOK/j0=,5IwiEIhMYS/MYUM5LlXydmU38mQ=
-19,-13,P94MZyl/KP8HeBWC4rBf1gOK/j0=,5IwiEIhMYS/MYUM5LlXydmU38mQ=
-23,-1,P94MZyl/KP8HeBWC4rBf1gOK/j0=,5IwiEIhMYS/MYUM5LlXydmU38mQ=
-27,-1,P94MZyl/KP8HeBWC4rBf1gOK/j0=,5IwiEIhMYS/MYUM5LlXydmU38mQ=
-29,-1,P94MZyl/KP8HeBWC4rBf1gOK/j0=,5IwiEIhMYS/MYUM5LlXydmU38mQ=
-30,-1,P94MZyl/KP8HeBWC4rBf1gOK/j0=,5IwiEIhMYS/MYUM5LlXydmU38mQ=
-31,-1,P94MZyl/KP8HeBWC4rBf1gOK/j0=,5IwiEIhMYS/MYUM5LlXydmU38mQ=
-28,-1,P94MZyl/KP8HeBWC4rBf1gOK/j0=,5IwiEIhMYS/MYUM5LlXydmU38mQ=
-32,-1,P94MZyl/KP8HeBWC4rBf1gOK/j0=,5IwiEIhMYS/MYUM5LlXydmU38mQ=
-25,-1,P94MZyl/KP8HeBWC4rBf1gOK/j0=,5IwiEIhMYS/MYUM5LlXydmU38mQ=
-22,-1,P94MZyl/KP8HeBWC4rBf1gOK/j0=,5IwiEIhMYS/MYUM5LlXydmU38mQ=
-24,-1,P94MZyl/KP8HeBWC4rBf1gOK/j0=,5IwiEIhMYS/MYUM5LlXydmU38mQ=
-26,-1,P94MZyl/KP8HeBWC4rBf1gOK/j0=,5IwiEIhMYS/MYUM5LlXydmU38mQ=
-18,-15,P94MZyl/KP8HeBWC4rBf1gOK/j0=,5IwiEIhMYS/MYUM5LlXydmU38mQ=
-18,-13,P94MZyl/KP8HeBWC4rBf1gOK/j0=,5IwiEIhMYS/MYUM5LlXydmU38mQ=
-17,-2,P94MZyl/KP8HeBWC4rBf1gOK/j0=,5IwiEIhMYS/MYUM5LlXydmU38mQ=
-18,-2,P94MZyl/KP8HeBWC4rBf1gOK/j0=,5IwiEIhMYS/MYUM5LlXydmU38mQ=
-20,-2,P94MZyl/KP8HeBWC4rBf1gOK/j0=,5IwiEIhMYS/MYUM5LlXydmU38mQ=
-19,-2,P94MZyl/KP8HeBWC4rBf1gOK/j0=,5IwiEIhMYS/MYUM5LlXydmU38mQ=
-21,-2,P94MZyl/KP8HeBWC4rBf1gOK/j0=,5IwiEIhMYS/MYUM5LlXydmU38mQ=
-22,-2,P94MZyl/KP8HeBWC4rBf1gOK/j0=,5IwiEIhMYS/MYUM5LlXydmU38mQ=
-28,-2,P94MZyl/KP8HeBWC4rBf1gOK/j0=,5IwiEIhMYS/MYUM5LlXydmU38mQ=
-29,-2,P94MZyl/KP8HeBWC4rBf1gOK/j0=,5IwiEIhMYS/MYUM5LlXydmU38mQ=
-27,-16,P94MZyl/KP8HeBWC4rBf1gOK/j0=,5IwiEIhMYS/MYUM5LlXydmU38mQ=
-30,-2,P94MZyl/KP8HeBWC4rBf1gOK/j0=,5IwiEIhMYS/MYUM5LlXydmU38mQ=
-24,-2,P94MZyl/KP8HeBWC4rBf1gOK/j0=,5IwiEIhMYS/MYUM5LlXydmU38mQ=
-30,-15,P94MZyl/KP8HeBWC4rBf1gOK/j0=,5IwiEIhMYS/MYUM5LlXydmU38mQ=
-26,-2,P94MZyl/KP8HeBWC4rBf1gOK/j0=,5IwiEIhMYS/MYUM5LlXydmU38mQ=
-25,-2,P94MZyl/KP8HeBWC4rBf1gOK/j0=,5IwiEIhMYS/MYUM5LlXydmU38mQ=
-31,-2,P94MZyl/KP8HeBWC4rBf1gOK/j0=,5IwiEIhMYS/MYUM5LlXydmU38mQ=
-31,-15,P94MZyl/KP8HeBWC4rBf1gOK/j0=,5IwiEIhMYS/MYUM5LlXydmU38mQ=
-27,-2,P94MZyl/KP8HeBWC4rBf1gOK/j0=,5IwiEIhMYS/MYUM5LlXydmU38mQ=
-23,-2,P94MZyl/KP8HeBWC4rBf1gOK/j0=,5IwiEIhMYS/MYUM5LlXydmU38mQ=
-32,-2,P94MZyl/KP8HeBWC4rBf1gOK/j0=,5IwiEIhMYS/MYUM5LlXydmU38mQ=
-17,-3,P94MZyl/KP8HeBWC4rBf1gOK/j0=,5IwiEIhMYS/MYUM5LlXydmU38mQ=
-23,-13,P94MZyl/KP8HeBWC4rBf1gOK/j0=,5IwiEIhMYS/MYUM5LlXydmU38mQ=
-17,-13,P94MZyl/KP8HeBWC4rBf1gOK/j0=,5IwiEIhMYS/MYUM5LlXydmU38mQ=
-32,-12,P94MZyl/KP8HeBWC4rBf1gOK/j0=,5IwiEIhMYS/MYUM5LlXydmU38mQ=
-31,-16,P94MZyl/KP8HeBWC4rBf1gOK/j0=,5IwiEIhMYS/MYUM5LlXydmU38mQ=
-18,-3,P94MZyl/KP8HeBWC4rBf1gOK/j0=,5IwiEIhMYS/MYUM5LlXydmU38mQ=
-31,-12,P94MZyl/KP8HeBWC4rBf1gOK/j0=,5IwiEIhMYS/MYUM5LlXydmU38mQ=
-19,-3,P94MZyl/KP8HeBWC4rBf1gOK/j0=,5IwiEIhMYS/MYUM5LlXydmU38mQ=
-30,-12,P94MZyl/KP8HeBWC4rBf1gOK/j0=,5IwiEIhMYS/MYUM5LlXydmU38mQ=
-29,-12,P94MZyl/KP8HeBWC4rBf1gOK/j0=,5IwiEIhMYS/MYUM5LlXydmU38mQ=
-22,-3,P94MZyl/KP8HeBWC4rBf1gOK/j0=,5IwiEIhMYS/MYUM5LlXydmU38mQ=
-28,-12,P94MZyl/KP8HeBWC4rBf1gOK/j0=,5IwiEIhMYS/MYUM5LlXydmU38mQ=
-23,-3,P94MZyl/KP8HeBWC4rBf1gOK/j0=,5IwiEIhMYS/MYUM5LlXydmU38mQ=
-27,-12,P94MZyl/KP8HeBWC4rBf1gOK/j0=,5IwiEIhMYS/MYUM5LlXydmU38mQ=
-20,-3,P94MZyl/KP8HeBWC4rBf1gOK/j0=,5IwiEIhMYS/MYUM5LlXydmU38mQ=
-26,-3,P94MZyl/KP8HeBWC4rBf1gOK/j0=,5IwiEIhMYS/MYUM5LlXydmU38mQ=
-28,-3,P94MZyl/KP8HeBWC4rBf1gOK/j0=,5IwiEIhMYS/MYUM5LlXydmU38mQ=
-29,-3,P94MZyl/KP8HeBWC4rBf1gOK/j0=,5IwiEIhMYS/MYUM5LlXydmU38mQ=
-25,-3,P94MZyl/KP8HeBWC4rBf1gOK/j0=,5IwiEIhMYS/MYUM5LlXydmU38mQ=
-27,-3,P94MZyl/KP8HeBWC4rBf1gOK/j0=,5IwiEIhMYS/MYUM5LlXydmU38mQ=
-24,-3,P94MZyl/KP8HeBWC4rBf1gOK/j0=,5IwiEIhMYS/MYUM5LlXydmU38mQ=
-30,-3,P94MZyl/KP8HeBWC4rBf1gOK/j0=,5IwiEIhMYS/MYUM5LlXydmU38mQ=
-31,-3,P94MZyl/KP8HeBWC4rBf1gOK/j0=,5IwiEIhMYS/MYUM5LlXydmU38mQ=
-26,-12,P94MZyl/KP8HeBWC4rBf1gOK/j0=,5IwiEIhMYS/MYUM5LlXydmU38mQ=
-19,-15,P94MZyl/KP8HeBWC4rBf1gOK/j0=,5IwiEIhMYS/MYUM5LlXydmU38mQ=
-17,-16,P94MZyl/KP8HeBWC4rBf1gOK/j0=,5IwiEIhMYS/MYUM5LlXydmU38mQ=
-24,-13,P94MZyl/KP8HeBWC4rBf1gOK/j0=,5IwiEIhMYS/MYUM5LlXydmU38mQ=
-32,-3,P94MZyl/KP8HeBWC4rBf1gOK/j0=,5IwiEIhMYS/MYUM5LlXydmU38mQ=
-17,-4,P94MZyl/KP8HeBWC4rBf1gOK/j0=,5IwiEIhMYS/MYUM5LlXydmU38mQ=
-18,-4,P94MZyl/KP8HeBWC4rBf1gOK/j0=,5IwiEIhMYS/MYUM5LlXydmU38mQ=
-21,-4,P94MZyl/KP8HeBWC4rBf1gOK/j0=,5IwiEIhMYS/MYUM5LlXydmU38mQ=
-20,-4,P94MZyl/KP8HeBWC4rBf1gOK/j0=,5IwiEIhMYS/MYUM5LlXydmU38mQ=
-20,-15,P94MZyl/KP8HeBWC4rBf1gOK/j0=,5IwiEIhMYS/MYUM5LlXydmU38mQ=
-25,-12,P94MZyl/KP8HeBWC4rBf1gOK/j0=,5IwiEIhMYS/MYUM5LlXydmU38mQ=
-19,-4,P94MZyl/KP8HeBWC4rBf1gOK/j0=,5IwiEIhMYS/MYUM5LlXydmU38mQ=
-22,-4,P94MZyl/KP8HeBWC4rBf1gOK/j0=,5IwiEIhMYS/MYUM5LlXydmU38mQ=
-26,-4,P94MZyl/KP8HeBWC4rBf1gOK/j0=,5IwiEIhMYS/MYUM5LlXydmU38mQ=
-27,-4,P94MZyl/KP8HeBWC4rBf1gOK/j0=,5IwiEIhMYS/MYUM5LlXydmU38mQ=
-28,-4,P94MZyl/KP8HeBWC4rBf1gOK/j0=,5IwiEIhMYS/MYUM5LlXydmU38mQ=
-24,-12,P94MZyl/KP8HeBWC4rBf1gOK/j0=,5IwiEIhMYS/MYUM5LlXydmU38mQ=
-23,-4,P94MZyl/KP8HeBWC4rBf1gOK/j0=,5IwiEIhMYS/MYUM5LlXydmU38mQ=
-24,-4,P94MZyl/KP8HeBWC4rBf1gOK/j0=,5IwiEIhMYS/MYUM5LlXydmU38mQ=
-25,-4,P94MZyl/KP8HeBWC4rBf1gOK/j0=,5IwiEIhMYS/MYUM5LlXydmU38mQ=
-30,-4,P94MZyl/KP8HeBWC4rBf1gOK/j0=,5IwiEIhMYS/MYUM5LlXydmU38mQ=
-29,-4,P94MZyl/KP8HeBWC4rBf1gOK/j0=,5IwiEIhMYS/MYUM5LlXydmU38mQ=
-31,-4,P94MZyl/KP8HeBWC4rBf1gOK/j0=,5IwiEIhMYS/MYUM5LlXydmU38mQ=
-23,-12,P94MZyl/KP8HeBWC4rBf1gOK/j0=,5IwiEIhMYS/MYUM5LlXydmU38mQ=
-32,-4,P94MZyl/KP8HeBWC4rBf1gOK/j0=,5IwiEIhMYS/MYUM5LlXydmU38mQ=
-18,-16,P94MZyl/KP8HeBWC4rBf1gOK/j0=,5IwiEIhMYS/MYUM5LlXydmU38mQ=
-21,-15,P94MZyl/KP8HeBWC4rBf1gOK/j0=,5IwiEIhMYS/MYUM5LlXydmU38mQ=
-22,-12,P94MZyl/KP8HeBWC4rBf1gOK/j0=,5IwiEIhMYS/MYUM5LlXydmU38mQ=
-25,-13,P94MZyl/KP8HeBWC4rBf1gOK/j0=,5IwiEIhMYS/MYUM5LlXydmU38mQ=
-20,-5,P94MZyl/KP8HeBWC4rBf1gOK/j0=,5IwiEIhMYS/MYUM5LlXydmU38mQ=
-21,-12,P94MZyl/KP8HeBWC4rBf1gOK/j0=,5IwiEIhMYS/MYUM5LlXydmU38mQ=
-19,-5,P94MZyl/KP8HeBWC4rBf1gOK/j0=,5IwiEIhMYS/MYUM5LlXydmU38mQ=
-18,-5,P94MZyl/KP8HeBWC4rBf1gOK/j0=,5IwiEIhMYS/MYUM5LlXydmU38mQ=
-21,-5,P94MZyl/KP8HeBWC4rBf1gOK/j0=,5IwiEIhMYS/MYUM5LlXydmU38mQ=
-17,-5,P94MZyl/KP8HeBWC4rBf1gOK/j0=,5IwiEIhMYS/MYUM5LlXydmU38mQ=
-17,-14,P94MZyl/KP8HeBWC4rBf1gOK/j0=,5IwiEIhMYS/MYUM5LlXydmU38mQ=
-22,-5,P94MZyl/KP8HeBWC4rBf1gOK/j0=,5IwiEIhMYS/MYUM5LlXydmU38mQ=
-26,-5,P94MZyl/KP8HeBWC4rBf1gOK/j0=,5IwiEIhMYS/MYUM5LlXydmU38mQ=
-27,-5,P94MZyl/KP8HeBWC4rBf1gOK/j0=,5IwiEIhMYS/MYUM5LlXydmU38mQ=
-26,-16,P94MZyl/KP8HeBWC4rBf1gOK/j0=,5IwiEIhMYS/MYUM5LlXydmU38mQ=
-25,-5,P94MZyl/KP8HeBWC4rBf1gOK/j0=,5IwiEIhMYS/MYUM5LlXydmU38mQ=
-23,-5,P94MZyl/KP8HeBWC4rBf1gOK/j0=,5IwiEIhMYS/MYUM5LlXydmU38mQ=
-28,-5,P94MZyl/KP8HeBWC4rBf1gOK/j0=,5IwiEIhMYS/MYUM5LlXydmU38mQ=
-29,-5,P94MZyl/KP8HeBWC4rBf1gOK/j0=,5IwiEIhMYS/MYUM5LlXydmU38mQ=
-24,-5,P94MZyl/KP8HeBWC4rBf1gOK/j0=,5IwiEIhMYS/MYUM5LlXydmU38mQ=
-20,-12,P94MZyl/KP8HeBWC4rBf1gOK/j0=,5IwiEIhMYS/MYUM5LlXydmU38mQ=
-30,-5,P94MZyl/KP8HeBWC4rBf1gOK/j0=,5IwiEIhMYS/MYUM5LlXydmU38mQ=
-19,-12,P94MZyl/KP8HeBWC4rBf1gOK/j0=,5IwiEIhMYS/MYUM5LlXydmU38mQ=
-31,-5,P94MZyl/KP8HeBWC4rBf1gOK/j0=,5IwiEIhMYS/MYUM5LlXydmU38mQ=
-19,-16,P94MZyl/KP8HeBWC4rBf1gOK/j0=,5IwiEIhMYS/MYUM5LlXydmU38mQ=
-26,-13,P94MZyl/KP8HeBWC4rBf1gOK/j0=,5IwiEIhMYS/MYUM5LlXydmU38mQ=
-22,-15,P94MZyl/KP8HeBWC4rBf1gOK/j0=,5IwiEIhMYS/MYUM5LlXydmU38mQ=
-32,-5,P94MZyl/KP8HeBWC4rBf1gOK/j0=,5IwiEIhMYS/MYUM5LlXydmU38mQ=
-19,-6,P94MZyl/KP8HeBWC4rBf1gOK/j0=,5IwiEIhMYS/MYUM5LlXydmU38mQ=
-32,-16,P94MZyl/KP8HeBWC4rBf1gOK/j0=,5IwiEIhMYS/MYUM5LlXydmU38mQ=
-17,-6,P94MZyl/KP8HeBWC4rBf1gOK/j0=,5IwiEIhMYS/MYUM5LlXydmU38mQ=
-21,-3,P94MZyl/KP8HeBWC4rBf1gOK/j0=,5IwiEIhMYS/MYUM5LlXydmU38mQ=
-20,-6,P94MZyl/KP8HeBWC4rBf1gOK/j0=,5IwiEIhMYS/MYUM5LlXydmU38mQ=
-22,-6,P94MZyl/KP8HeBWC4rBf1gOK/j0=,5IwiEIhMYS/MYUM5LlXydmU38mQ=
-21,-6,P94MZyl/KP8HeBWC4rBf1gOK/j0=,5IwiEIhMYS/MYUM5LlXydmU38mQ=
-25,-6,P94MZyl/KP8HeBWC4rBf1gOK/j0=,5IwiEIhMYS/MYUM5LlXydmU38mQ=
-26,-6,P94MZyl/KP8HeBWC4rBf1gOK/j0=,5IwiEIhMYS/MYUM5LlXydmU38mQ=
-18,-6,P94MZyl/KP8HeBWC4rBf1gOK/j0=,5IwiEIhMYS/MYUM5LlXydmU38mQ=
-24,-6,P94MZyl/KP8HeBWC4rBf1gOK/j0=,5IwiEIhMYS/MYUM5LlXydmU38mQ=
-27,-6,P94MZyl/KP8HeBWC4rBf1gOK/j0=,5IwiEIhMYS/MYUM5LlXydmU38mQ=
-28,-6,P94MZyl/KP8HeBWC4rBf1gOK/j0=,5IwiEIhMYS/MYUM5LlXydmU38mQ=
-29,-6,P94MZyl/KP8HeBWC4rBf1gOK/j0=,5IwiEIhMYS/MYUM5LlXydmU38mQ=
-23,-6,P94MZyl/KP8HeBWC4rBf1gOK/j0=,5IwiEIhMYS/MYUM5LlXydmU38mQ=
-27,-13,P94MZyl/KP8HeBWC4rBf1gOK/j0=,5IwiEIhMYS/MYUM5LlXydmU38mQ=
-18,-12,P94MZyl/KP8HeBWC4rBf1gOK/j0=,5IwiEIhMYS/MYUM5LlXydmU38mQ=
-30,-6,P94MZyl/KP8HeBWC4rBf1gOK/j0=,5IwiEIhMYS/MYUM5LlXydmU38mQ=
-20,-16,P94MZyl/KP8HeBWC4rBf1gOK/j0=,5IwiEIhMYS/MYUM5LlXydmU38mQ=
-23,-15,P94MZyl/KP8HeBWC4rBf1gOK/j0=,5IwiEIhMYS/MYUM5LlXydmU38mQ=
-31,-6,P94MZyl/KP8HeBWC4rBf1gOK/j0=,5IwiEIhMYS/MYUM5LlXydmU38mQ=
-17,-12,P94MZyl/KP8HeBWC4rBf1gOK/j0=,5IwiEIhMYS/MYUM5LlXydmU38mQ=
-32,-6,P94MZyl/KP8HeBWC4rBf1gOK/j0=,5IwiEIhMYS/MYUM5LlXydmU38mQ=
-19,-7,P94MZyl/KP8HeBWC4rBf1gOK/j0=,5IwiEIhMYS/MYUM5LlXydmU38mQ=
-18,-7,P94MZyl/KP8HeBWC4rBf1gOK/j0=,5IwiEIhMYS/MYUM5LlXydmU38mQ=
-21,-7,P94MZyl/KP8HeBWC4rBf1gOK/j0=,5IwiEIhMYS/MYUM5LlXydmU38mQ=
-17,-7,P94MZyl/KP8HeBWC4rBf1gOK/j0=,5IwiEIhMYS/MYUM5LlXydmU38mQ=
-22,-7,P94MZyl/KP8HeBWC4rBf1gOK/j0=,5IwiEIhMYS/MYUM5LlXydmU38mQ=
-29,-15,P94MZyl/KP8HeBWC4rBf1gOK/j0=,5IwiEIhMYS/MYUM5LlXydmU38mQ=
-24,-7,P94MZyl/KP8HeBWC4rBf1gOK/j0=,5IwiEIhMYS/MYUM5LlXydmU38mQ=
-20,-7,P94MZyl/KP8HeBWC4rBf1gOK/j0=,5IwiEIhMYS/MYUM5LlXydmU38mQ=
-23,-7,P94MZyl/KP8HeBWC4rBf1gOK/j0=,5IwiEIhMYS/MYUM5LlXydmU38mQ=
-21,-16,P94MZyl/KP8HeBWC4rBf1gOK/j0=,5IwiEIhMYS/MYUM5LlXydmU38mQ=
-25,-7,P94MZyl/KP8HeBWC4rBf1gOK/j0=,5IwiEIhMYS/MYUM5LlXydmU38mQ=
-28,-13,P94MZyl/KP8HeBWC4rBf1gOK/j0=,5IwiEIhMYS/MYUM5LlXydmU38mQ=
-28,-7,P94MZyl/KP8HeBWC4rBf1gOK/j0=,5IwiEIhMYS/MYUM5LlXydmU38mQ=
-32,-11,P94MZyl/KP8HeBWC4rBf1gOK/j0=,5IwiEIhMYS/MYUM5LlXydmU38mQ=
-27,-7,P94MZyl/KP8HeBWC4rBf1gOK/j0=,5IwiEIhMYS/MYUM5LlXydmU38mQ=
-26,-7,P94MZyl/KP8HeBWC4rBf1gOK/j0=,5IwiEIhMYS/MYUM5LlXydmU38mQ=
-29,-7,P94MZyl/KP8HeBWC4rBf1gOK/j0=,5IwiEIhMYS/MYUM5LlXydmU38mQ=
-32,-15,P94MZyl/KP8HeBWC4rBf1gOK/j0=,5IwiEIhMYS/MYUM5LlXydmU38mQ=
-30,-7,P94MZyl/KP8HeBWC4rBf1gOK/j0=,5IwiEIhMYS/MYUM5LlXydmU38mQ=
-17,-8,P94MZyl/KP8HeBWC4rBf1gOK/j0=,5IwiEIhMYS/MYUM5LlXydmU38mQ=
-18,-8,P94MZyl/KP8HeBWC4rBf1gOK/j0=,5IwiEIhMYS/MYUM5LlXydmU38mQ=
-24,-15,P94MZyl/KP8HeBWC4rBf1gOK/j0=,5IwiEIhMYS/MYUM5LlXydmU38mQ=
-20,-8,P94MZyl/KP8HeBWC4rBf1gOK/j0=,5IwiEIhMYS/MYUM5LlXydmU38mQ=
-23,-8,P94MZyl/KP8HeBWC4rBf1gOK/j0=,5IwiEIhMYS/MYUM5LlXydmU38mQ=
-19,-8,P94MZyl/KP8HeBWC4rBf1gOK/j0=,5IwiEIhMYS/MYUM5LlXydmU38mQ=
-22,-8,P94MZyl/KP8HeBWC4rBf1gOK/j0=,5IwiEIhMYS/MYUM5LlXydmU38mQ=
-21,-8,P94MZyl/KP8HeBWC4rBf1gOK/j0=,5IwiEIhMYS/MYUM5LlXydmU38mQ=
-31,-7,P94MZyl/KP8HeBWC4rBf1gOK/j0=,5IwiEIhMYS/MYUM5LlXydmU38mQ=
-29,-13,P94MZyl/KP8HeBWC4rBf1gOK/j0=,5IwiEIhMYS/MYUM5LlXydmU38mQ=
-28,-8,P94MZyl/KP8HeBWC4rBf1gOK/j0=,5IwiEIhMYS/MYUM5LlXydmU38mQ=
-29,-8,P94MZyl/KP8HeBWC4rBf1gOK/j0=,5IwiEIhMYS/MYUM5LlXydmU38mQ=
-24,-8,P94MZyl/KP8HeBWC4rBf1gOK/j0=,5IwiEIhMYS/MYUM5LlXydmU38mQ=
-26,-8,P94MZyl/KP8HeBWC4rBf1gOK/j0=,5IwiEIhMYS/MYUM5LlXydmU38mQ=
-22,-16,P94MZyl/KP8HeBWC4rBf1gOK/j0=,5IwiEIhMYS/MYUM5LlXydmU38mQ=
-30,-8,P94MZyl/KP8HeBWC4rBf1gOK/j0=,5IwiEIhMYS/MYUM5LlXydmU38mQ=
-27,-8,P94MZyl/KP8HeBWC4rBf1gOK/j0=,5IwiEIhMYS/MYUM5LlXydmU38mQ=
-25,-8,P94MZyl/KP8HeBWC4rBf1gOK/j0=,5IwiEIhMYS/MYUM5LlXydmU38mQ=
-31,-8,P94MZyl/KP8HeBWC4rBf1gOK/j0=,5IwiEIhMYS/MYUM5LlXydmU38mQ=
-25,-15,P94MZyl/KP8HeBWC4rBf1gOK/j0=,5IwiEIhMYS/MYUM5LlXydmU38mQ=
-20,-9,P94MZyl/KP8HeBWC4rBf1gOK/j0=,5IwiEIhMYS/MYUM5LlXydmU38mQ=
-32,-7,P94MZyl/KP8HeBWC4rBf1gOK/j0=,5IwiEIhMYS/MYUM5LlXydmU38mQ=
-21,-9,P94MZyl/KP8HeBWC4rBf1gOK/j0=,5IwiEIhMYS/MYUM5LlXydmU38mQ=
-22,-9,P94MZyl/KP8HeBWC4rBf1gOK/j0=,5IwiEIhMYS/MYUM5LlXydmU38mQ=
-19,-9,P94MZyl/KP8HeBWC4rBf1gOK/j0=,5IwiEIhMYS/MYUM5LlXydmU38mQ=
-23,-9,P94MZyl/KP8HeBWC4rBf1gOK/j0=,5IwiEIhMYS/MYUM5LlXydmU38mQ=
-18,-9,P94MZyl/KP8HeBWC4rBf1gOK/j0=,5IwiEIhMYS/MYUM5LlXydmU38mQ=
-17,-9,P94MZyl/KP8HeBWC4rBf1gOK/j0=,5IwiEIhMYS/MYUM5LlXydmU38mQ=
-30,-13,P94MZyl/KP8HeBWC4rBf1gOK/j0=,5IwiEIhMYS/MYUM5LlXydmU38mQ=
-24,-9,P94MZyl/KP8HeBWC4rBf1gOK/j0=,5IwiEIhMYS/MYUM5LlXydmU38mQ=
-26,-9,P94MZyl/KP8HeBWC4rBf1gOK/j0=,5IwiEIhMYS/MYUM5LlXydmU38mQ=
-29,-9,P94MZyl/KP8HeBWC4rBf1gOK/j0=,5IwiEIhMYS/MYUM5LlXydmU38mQ=
-25,-9,P94MZyl/KP8HeBWC4rBf1gOK/j0=,5IwiEIhMYS/MYUM5LlXydmU38mQ=
-32,-8,P94MZyl/KP8HeBWC4rBf1gOK/j0=,5IwiEIhMYS/MYUM5LlXydmU38mQ=
-28,-9,P94MZyl/KP8HeBWC4rBf1gOK/j0=,5IwiEIhMYS/MYUM5LlXydmU38mQ=
-23,-16,P94MZyl/KP8HeBWC4rBf1gOK/j0=,5IwiEIhMYS/MYUM5LlXydmU38mQ=
-27,-9,P94MZyl/KP8HeBWC4rBf1gOK/j0=,5IwiEIhMYS/MYUM5LlXydmU38mQ=
-31,-9,P94MZyl/KP8HeBWC4rBf1gOK/j0=,5IwiEIhMYS/MYUM5LlXydmU38mQ=
-18,-10,P94MZyl/KP8HeBWC4rBf1gOK/j0=,5IwiEIhMYS/MYUM5LlXydmU38mQ=
-19,-10,P94MZyl/KP8HeBWC4rBf1gOK/j0=,5IwiEIhMYS/MYUM5LlXydmU38mQ=
-30,-9,P94MZyl/KP8HeBWC4rBf1gOK/j0=,5IwiEIhMYS/MYUM5LlXydmU38mQ=
-32,-9,P94MZyl/KP8HeBWC4rBf1gOK/j0=,5IwiEIhMYS/MYUM5LlXydmU38mQ=
-22,-10,P94MZyl/KP8HeBWC4rBf1gOK/j0=,5IwiEIhMYS/MYUM5LlXydmU38mQ=
-31,-13,P94MZyl/KP8HeBWC4rBf1gOK/j0=,5IwiEIhMYS/MYUM5LlXydmU38mQ=
-21,-10,P94MZyl/KP8HeBWC4rBf1gOK/j0=,5IwiEIhMYS/MYUM5LlXydmU38mQ=
-23,-10,P94MZyl/KP8HeBWC4rBf1gOK/j0=,5IwiEIhMYS/MYUM5LlXydmU38mQ=
-26,-15,P94MZyl/KP8HeBWC4rBf1gOK/j0=,5IwiEIhMYS/MYUM5LlXydmU38mQ=
-20,-10,P94MZyl/KP8HeBWC4rBf1gOK/j0=,5IwiEIhMYS/MYUM5LlXydmU38mQ=
-25,-10,P94MZyl/KP8HeBWC4rBf1gOK/j0=,5IwiEIhMYS/MYUM5LlXydmU38mQ=
-26,-10,P94MZyl/KP8HeBWC4rBf1gOK/j0=,5IwiEIhMYS/MYUM5LlXydmU38mQ=
-27,-10,P94MZyl/KP8HeBWC4rBf1gOK/j0=,5IwiEIhMYS/MYUM5LlXydmU38mQ=
-28,-10,P94MZyl/KP8HeBWC4rBf1gOK/j0=,5IwiEIhMYS/MYUM5LlXydmU38mQ=
-24,-10,P94MZyl/KP8HeBWC4rBf1gOK/j0=,5IwiEIhMYS/MYUM5LlXydmU38mQ=
-24,-16,P94MZyl/KP8HeBWC4rBf1gOK/j0=,5IwiEIhMYS/MYUM5LlXydmU38mQ=
-31,-11,P94MZyl/KP8HeBWC4rBf1gOK/j0=,5IwiEIhMYS/MYUM5LlXydmU38mQ=
-31,-10,P94MZyl/KP8HeBWC4rBf1gOK/j0=,5IwiEIhMYS/MYUM5LlXydmU38mQ=
-27,-15,P94MZyl/KP8HeBWC4rBf1gOK/j0=,5IwiEIhMYS/MYUM5LlXydmU38mQ=
-32,-10,P94MZyl/KP8HeBWC4rBf1gOK/j0=,5IwiEIhMYS/MYUM5LlXydmU38mQ=
-18,-11,P94MZyl/KP8HeBWC4rBf1gOK/j0=,5IwiEIhMYS/MYUM5LlXydmU38mQ=
-19,-11,P94MZyl/KP8HeBWC4rBf1gOK/j0=,5IwiEIhMYS/MYUM5LlXydmU38mQ=
-17,-11,P94MZyl/KP8HeBWC4rBf1gOK/j0=,5IwiEIhMYS/MYUM5LlXydmU38mQ=
-21,-11,P94MZyl/KP8HeBWC4rBf1gOK/j0=,5IwiEIhMYS/MYUM5LlXydmU38mQ=
-30,-11,P94MZyl/KP8HeBWC4rBf1gOK/j0=,5IwiEIhMYS/MYUM5LlXydmU38mQ=
-20,-11,P94MZyl/KP8HeBWC4rBf1gOK/j0=,5IwiEIhMYS/MYUM5LlXydmU38mQ=
-32,-13,P94MZyl/KP8HeBWC4rBf1gOK/j0=,5IwiEIhMYS/MYUM5LlXydmU38mQ=
-22,-11,P94MZyl/KP8HeBWC4rBf1gOK/j0=,5IwiEIhMYS/MYUM5LlXydmU38mQ=
-29,-11,P94MZyl/KP8HeBWC4rBf1gOK/j0=,5IwiEIhMYS/MYUM5LlXydmU38mQ=
-25,-16,P94MZyl/KP8HeBWC4rBf1gOK/j0=,5IwiEIhMYS/MYUM5LlXydmU38mQ=
-28,-11,P94MZyl/KP8HeBWC4rBf1gOK/j0=,5IwiEIhMYS/MYUM5LlXydmU38mQ=
-27,-11,P94MZyl/KP8HeBWC4rBf1gOK/j0=,5IwiEIhMYS/MYUM5LlXydmU38mQ=
-28,-15,P94MZyl/KP8HeBWC4rBf1gOK/j0=,5IwiEIhMYS/MYUM5LlXydmU38mQ=
-23,-11,P94MZyl/KP8HeBWC4rBf1gOK/j0=,5IwiEIhMYS/MYUM5LlXydmU38mQ=
-25,-11,P94MZyl/KP8HeBWC4rBf1gOK/j0=,5IwiEIhMYS/MYUM5LlXydmU38mQ=
-24,-11,P94MZyl/KP8HeBWC4rBf1gOK/j0=,5IwiEIhMYS/MYUM5LlXydmU38mQ=
-26,-11,P94MZyl/KP8HeBWC4rBf1gOK/j0=,5IwiEIhMYS/MYUM5LlXydmU38mQ=
-29,-10,P94MZyl/KP8HeBWC4rBf1gOK/j0=,5IwiEIhMYS/MYUM5LlXydmU38mQ=
-17,-10,P94MZyl/KP8HeBWC4rBf1gOK/j0=,5IwiEIhMYS/MYUM5LlXydmU38mQ=
-30,-10,P94MZyl/KP8HeBWC4rBf1gOK/j0=,5IwiEIhMYS/MYUM5LlXydmU38mQ=
